"Time of Day","Process Name","PID","Operation","Path","Result","Detail"
"13:51:19.5685071","Notepad.exe","9928","Thread Create","","SUCCESS","Thread ID: 5716"
"13:51:19.5692012","Notepad.exe","9928","CreateFile","C:\Users\Research\Downloads\injector\rs.dll","SUCCESS","Desired Access: Read Attributes, Disposition: Open, Options: Open Reparse Point, Attributes: n/a, ShareMode: Read, Write, Delete, AllocationSize: n/a, OpenResult: Opened"
"13:51:19.5694845","Notepad.exe","9928","QueryBasicInformationFile","C:\Users\Research\Downloads\injector\rs.dll","SUCCESS","CreationTime: 14-07-2026 15:02:08, LastAccessTime: 14-07-2026 15:05:47, LastWriteTime: 14-07-2026 14:56:14, ChangeTime: 14-07-2026 15:05:47, FileAttributes: A"
"13:51:19.5694928","Notepad.exe","9928","CloseFile","C:\Users\Research\Downloads\injector\rs.dll","SUCCESS",""
"13:51:19.5695948","Notepad.exe","9928","CreateFile","C:\Users\Research\Downloads\injector\rs.dll","SUCCESS","Desired Access: Read Data/List Directory, Execute/Traverse, Synchronize, Disposition: Open, Options: Synchronous IO Non-Alert, Non-Directory File, Attributes: n/a, ShareMode: Read, Delete, AllocationSize: n/a, OpenResult: Opened"
"13:51:19.5696527","Notepad.exe","9928","CreateFileMapping","C:\Users\Research\Downloads\injector\rs.dll","FILE LOCKED WITH ONLY READERS","SyncType: SyncTypeCreateSection, PageProtection: PAGE_EXECUTE"
"13:51:19.5696632","Notepad.exe","9928","QueryStandardInformationFile","C:\Users\Research\Downloads\injector\rs.dll","SUCCESS","AllocationSize: 294912, EndOfFile: 293888, NumberOfLinks: 1, DeletePending: False, Directory: False"
"13:51:19.5696758","Notepad.exe","9928","ReadFile","C:\Users\Research\Downloads\injector\rs.dll","SUCCESS","Offset: 0, Length: 4096, I/O Flags: Non-cached, Paging I/O, Synchronous Paging I/O, Priority: Normal"
"13:51:19.5701534","Notepad.exe","9928","ReadFile","C:\Users\Research\Downloads\injector\rs.dll","SUCCESS","Offset: 245248, Length: 16384, I/O Flags: Non-cached, Paging I/O, Synchronous Paging I/O, Priority: Normal"
"13:51:19.5705681","Notepad.exe","9928","QueryEAFile","C:\Users\Research\Downloads\injector\rs.dll","SUCCESS",""
"13:51:19.5705888","Notepad.exe","9928","FileSystemControl","C:\Users\Research\Downloads\injector\rs.dll","SUCCESS","Control: FSCTL_QUERY_USN_JOURNAL"
"13:51:19.5706701","Notepad.exe","9928","ReadFile","C:\Users\Research\Downloads\injector\rs.dll","SUCCESS","Offset: 291328, Length: 2560, I/O Flags: Non-cached, Paging I/O, Synchronous Paging I/O, Priority: Normal"
"13:51:19.5710951","Notepad.exe","9928","CreateFileMapping","C:\Users\Research\Downloads\injector\rs.dll","SUCCESS","SyncType: SyncTypeOther"
"13:51:19.5711318","Notepad.exe","9928","RegOpenKey","HKLM\System\CurrentControlSet\Control\Srp\GP\","REPARSE","Desired Access: Read"
"13:51:19.5711912","Notepad.exe","9928","RegOpenKey","HKLM\System\CurrentControlSet\Control\Srp\GP","SUCCESS","Desired Access: Read"
"13:51:19.5712265","Notepad.exe","9928","RegQueryValue","HKLM\System\CurrentControlSet\Control\Srp\Gp\RuleCount","SUCCESS","Type: REG_DWORD, Length: 4, Data: 2"
"13:51:19.5712417","Notepad.exe","9928","RegCloseKey","HKLM\System\CurrentControlSet\Control\Srp\Gp","SUCCESS",""
"13:51:19.5713867","Notepad.exe","9928","QuerySecurityFile","C:\Users\Research\Downloads\injector\rs.dll","SUCCESS","Information: Owner, Group, DACL, SACL, Label, Attribute, Process Trust Label, 0x100"
"13:51:19.5714169","Notepad.exe","9928","RegOpenKey","HKLM\System\CurrentControlSet\Control\AppID\Configuration\SMARTLOCKER","REPARSE","Desired Access: Read"
"13:51:19.5714430","Notepad.exe","9928","RegOpenKey","HKLM\System\CurrentControlSet\Control\AppID\Configuration\SMARTLOCKER","SUCCESS","Desired Access: Read"
"13:51:19.5715005","Notepad.exe","9928","RegQueryValue","HKLM\System\CurrentControlSet\Control\AppID\Configuration\SMARTLOCKER\DISABLED","NAME NOT FOUND","Length: 48"
"13:51:19.5715161","Notepad.exe","9928","RegCloseKey","HKLM\System\CurrentControlSet\Control\AppID\Configuration\SMARTLOCKER","SUCCESS",""
"13:51:19.5715264","Notepad.exe","9928","RegOpenKey","HKLM\System\CurrentControlSet\Control\AppID\Configuration\SMARTLOCKER","REPARSE","Desired Access: Read"
"13:51:19.5715414","Notepad.exe","9928","RegOpenKey","HKLM\System\CurrentControlSet\Control\AppID\Configuration\SMARTLOCKER","SUCCESS","Desired Access: Read"
"13:51:19.5715551","Notepad.exe","9928","RegQueryValue","HKLM\System\CurrentControlSet\Control\AppID\Configuration\SMARTLOCKER\ENABLED","SUCCESS","Type: REG_QWORD, Length: 8, Data: "
"13:51:19.5715658","Notepad.exe","9928","RegCloseKey","HKLM\System\CurrentControlSet\Control\AppID\Configuration\SMARTLOCKER","SUCCESS",""
"13:51:19.5715796","Notepad.exe","9928","RegOpenKey","HKLM\System\CurrentControlSet\Control\AppID\Configuration\SMARTLOCKER","REPARSE","Desired Access: Read"
"13:51:19.5715945","Notepad.exe","9928","RegOpenKey","HKLM\System\CurrentControlSet\Control\AppID\Configuration\SMARTLOCKER","SUCCESS","Desired Access: Read"
"13:51:19.5716074","Notepad.exe","9928","RegQueryValue","HKLM\System\CurrentControlSet\Control\AppID\Configuration\SMARTLOCKER\ENABLED","SUCCESS","Type: REG_QWORD, Length: 8, Data: "
"13:51:19.5716155","Notepad.exe","9928","RegCloseKey","HKLM\System\CurrentControlSet\Control\AppID\Configuration\SMARTLOCKER","SUCCESS",""
"13:51:19.5716239","Notepad.exe","9928","RegOpenKey","HKLM\System\CurrentControlSet\Control\AppID\Configuration\SMARTLOCKER","REPARSE","Desired Access: Read"
"13:51:19.5716785","Notepad.exe","9928","RegOpenKey","HKLM\System\CurrentControlSet\Control\AppID\Configuration\SMARTLOCKER","SUCCESS","Desired Access: Read"
"13:51:19.5717014","Notepad.exe","9928","RegQueryValue","HKLM\System\CurrentControlSet\Control\AppID\Configuration\SMARTLOCKER\DISABLED","NAME NOT FOUND","Length: 48"
"13:51:19.5717101","Notepad.exe","9928","RegCloseKey","HKLM\System\CurrentControlSet\Control\AppID\Configuration\SMARTLOCKER","SUCCESS",""
"13:51:19.5717777","Notepad.exe","9928","FileSystemControl","C:\Users\Research\Downloads\injector\rs.dll","SUCCESS","Control: FSCTL_READ_FILE_USN_DATA"
"13:51:19.5719998","Notepad.exe","9928","Load Image","C:\Users\Research\Downloads\injector\rs.dll","SUCCESS","Image Base: 0x7ff8845f0000, Image Size: 0x4d000"
"13:51:19.5720413","Notepad.exe","9928","ReadFile","C:\Users\Research\Downloads\injector\rs.dll","SUCCESS","Offset: 270336, Length: 5632, I/O Flags: Non-cached, Paging I/O, Synchronous Paging I/O, Priority: Normal"
"13:51:19.5723904","Notepad.exe","9928","ReadFile","C:\Users\Research\Downloads\injector\rs.dll","SUCCESS","Offset: 196096, Length: 16384, I/O Flags: Non-cached, Paging I/O, Synchronous Paging I/O, Priority: Normal"
"13:51:19.5727062","Notepad.exe","9928","ReadFile","C:\Users\Research\Downloads\injector\rs.dll","SUCCESS","Offset: 261632, Length: 8704, I/O Flags: Non-cached, Paging I/O, Synchronous Paging I/O, Priority: Normal"
"13:51:19.5730675","Notepad.exe","9928","CloseFile","C:\Users\Research\Downloads\injector\rs.dll","SUCCESS",""
"13:51:19.5731867","Notepad.exe","9928","ReadFile","C:\Users\Research\Downloads\injector\rs.dll","SUCCESS","Offset: 275968, Length: 14848, I/O Flags: Non-cached, Paging I/O, Synchronous Paging I/O, Priority: Normal"
"13:51:19.5734473","Notepad.exe","9928","ReadFile","C:\Users\Research\Downloads\injector\rs.dll","SUCCESS","Offset: 82944, Length: 4096, I/O Flags: Non-cached, Paging I/O, Synchronous Paging I/O, Priority: Normal"
"13:51:19.5736739","Notepad.exe","9928","ReadFile","C:\Users\Research\Downloads\injector\rs.dll","SUCCESS","Offset: 82944, Length: 32768, I/O Flags: Non-cached, Paging I/O, Synchronous Paging I/O, Priority: Normal"
"13:51:19.5740512","Notepad.exe","9928","ReadFile","C:\Users\Research\Downloads\injector\rs.dll","SUCCESS","Offset: 212480, Length: 16384, I/O Flags: Non-cached, Paging I/O, Synchronous Paging I/O, Priority: Normal"
"13:51:19.5743589","Notepad.exe","9928","ReadFile","C:\Users\Research\Downloads\injector\rs.dll","SUCCESS","Offset: 78848, Length: 4096, I/O Flags: Non-cached, Paging I/O, Synchronous Paging I/O, Priority: Normal"
"13:51:19.5750214","Notepad.exe","9928","ReadFile","C:\Users\Research\Downloads\injector\rs.dll","SUCCESS","Offset: 50176, Length: 32768, I/O Flags: Non-cached, Paging I/O, Synchronous Paging I/O, Priority: Normal"
"13:51:19.5754955","Notepad.exe","9928","ReadFile","C:\Users\Research\Downloads\injector\rs.dll","SUCCESS","Offset: 164864, Length: 31232, I/O Flags: Non-cached, Paging I/O, Synchronous Paging I/O, Priority: Normal"
"13:51:19.5757060","Notepad.exe","9928","ReadFile","C:\Users\Research\Downloads\injector\rs.dll","SUCCESS","Offset: 119808, Length: 32768, I/O Flags: Non-cached, Paging I/O, Synchronous Paging I/O, Priority: Normal"
"13:51:19.5762059","Notepad.exe","9928","ReadFile","C:\Users\Research\Downloads\injector\rs.dll","SUCCESS","Offset: 160768, Length: 4096, I/O Flags: Non-cached, Paging I/O, Synchronous Paging I/O, Priority: Normal"
"13:51:19.5763152","Notepad.exe","9928","ReadFile","C:\Users\Research\Downloads\injector\rs.dll","SUCCESS","Offset: 152576, Length: 12288, I/O Flags: Non-cached, Paging I/O, Synchronous Paging I/O, Priority: Normal"
"13:51:19.5764530","Notepad.exe","9928","ReadFile","C:\Users\Research\Downloads\injector\rs.dll","SUCCESS","Offset: 115712, Length: 4096, I/O Flags: Non-cached, Paging I/O, Synchronous Paging I/O, Priority: Normal"
"13:51:19.5766109","Notepad.exe","9928","ReadFile","C:\Users\Research\Downloads\injector\rs.dll","SUCCESS","Offset: 290816, Length: 512, I/O Flags: Non-cached, Paging I/O, Synchronous Paging I/O, Priority: Normal"
"13:51:19.5771588","Notepad.exe","9928","Thread Create","","SUCCESS","Thread ID: 7640"
"13:51:19.5775069","Notepad.exe","9928","Thread Exit","","SUCCESS","Thread ID: 5716, User Time: 0.0000000, Kernel Time: 0.0000000"
"13:51:19.5779417","Notepad.exe","9928","CreateFile","C:\ransomware_test","SUCCESS","Desired Access: Read Attributes, Disposition: Open, Options: Open Reparse Point, Attributes: n/a, ShareMode: Read, Write, Delete, AllocationSize: n/a, OpenResult: Opened"
"13:51:19.5779839","Notepad.exe","9928","QueryNetworkOpenInformationFile","C:\ransomware_test","SUCCESS","CreationTime: 14-07-2026 13:55:59, LastAccessTime: 15-07-2026 13:49:09, LastWriteTime: 14-07-2026 15:14:22, ChangeTime: 14-07-2026 15:14:22, AllocationSize: 01-01-1601 05:30:00, EndOfFile: 01-01-1601 05:30:00, FileAttributes: D"
"13:51:19.5779918","Notepad.exe","9928","CloseFile","C:\ransomware_test","SUCCESS",""
"13:51:19.5780968","Notepad.exe","9928","CreateFile","C:\ransomware_test","SUCCESS","Desired Access: Read Data/List Directory, Synchronize, Disposition: Open, Options: Directory, Synchronous IO Non-Alert, Attributes: n/a, ShareMode: Read, Write, Delete, AllocationSize: n/a, OpenResult: Opened"
"13:51:19.5781440","Notepad.exe","9928","QueryDirectory","C:\ransomware_test\*","SUCCESS","FileInformationClass: FileFullDirectoryInformation, Filter: *, 2: ."
"13:51:19.5782009","Notepad.exe","9928","QueryDirectory","C:\ransomware_test","SUCCESS","FileInformationClass: FileFullDirectoryInformation, 1: .., 2: doc1.txt, 3: doc10.txt, 4: doc2.txt, 5: doc3.txt, 6: doc4.txt"
"13:51:19.5784811","Notepad.exe","9928","CreateFile","C:\ransomware_test\doc1.txt","SUCCESS","Desired Access: Generic Read, Disposition: Open, Options: Synchronous IO Non-Alert, Non-Directory File, Disallow Exclusive, Attributes: N, ShareMode: Read, Write, AllocationSize: n/a, OpenResult: Opened"
"13:51:19.5785928","Notepad.exe","9928","ReadFile","C:\ransomware_test\doc1.txt","SUCCESS","Offset: 0, Length: 13, Priority: Normal"
"13:51:19.5786439","Notepad.exe","9928","ReadFile","C:\ransomware_test\doc1.txt","SUCCESS","Offset: 0, Length: 13, I/O Flags: Non-cached, Paging I/O, Priority: Normal"
"13:51:19.5786985","Notepad.exe","9928","ReadFile","C:\ransomware_test\doc1.txt","END OF FILE","Offset: 13, Length: 4096"
"13:51:19.5787184","Notepad.exe","9928","CloseFile","C:\ransomware_test\doc1.txt","SUCCESS",""
"13:51:19.5788548","Notepad.exe","9928","CreateFile","C:\ransomware_test\doc1.txt","SUCCESS","Desired Access: Generic Write, Read Attributes, Disposition: OverwriteIf, Options: Synchronous IO Non-Alert, Non-Directory File, Disallow Exclusive, Attributes: N, ShareMode: Read, Write, AllocationSize: 0, OpenResult: Overwritten"
"13:51:19.5790639","Notepad.exe","9928","WriteFile","C:\ransomware_test\doc1.txt","SUCCESS","Offset: 0, Length: 13, Priority: Normal"
"13:51:19.5791231","Notepad.exe","9928","CloseFile","C:\ransomware_test\doc1.txt","SUCCESS",""
"13:51:19.5792712","Notepad.exe","9928","CreateFile","C:\ransomware_test\doc1.txt","SUCCESS","Desired Access: Read Attributes, Delete, Synchronize, Disposition: Open, Options: Synchronous IO Non-Alert, Open Reparse Point, Attributes: n/a, ShareMode: Read, Write, Delete, AllocationSize: n/a, OpenResult: Opened"
"13:51:19.5793177","Notepad.exe","9928","QueryAttributeTagFile","C:\ransomware_test\doc1.txt","SUCCESS","Attributes: A, ReparseTag: 0x0"
"13:51:19.5793394","Notepad.exe","9928","QueryBasicInformationFile","C:\ransomware_test\doc1.txt","SUCCESS","CreationTime: 14-07-2026 15:14:16, LastAccessTime: 15-07-2026 13:51:19, LastWriteTime: 15-07-2026 13:51:19, ChangeTime: 15-07-2026 13:51:19, FileAttributes: A"
"13:51:19.5794089","Notepad.exe","9928","CreateFile","C:\ransomware_test","SUCCESS","Desired Access: Write Data/Add File, Synchronize, Disposition: Open, Options: , Attributes: n/a, ShareMode: Read, Write, Delete, AllocationSize: n/a, OpenResult: Opened"
"13:51:19.5794655","Notepad.exe","9928","SetRenameInformationFile","C:\ransomware_test\doc1.txt","SUCCESS","ReplaceIfExists: True, FileName: C:\ransomware_test\doc1.txt.encrypted"
"13:51:19.5796114","Notepad.exe","9928","CloseFile","C:\ransomware_test","SUCCESS",""
"13:51:19.5882719","Notepad.exe","9928","CloseFile","C:\ransomware_test\doc1.txt.encrypted","SUCCESS",""
"13:51:19.5885743","Notepad.exe","9928","CreateFile","C:\ransomware_test\doc10.txt","SUCCESS","Desired Access: Generic Read, Disposition: Open, Options: Synchronous IO Non-Alert, Non-Directory File, Disallow Exclusive, Attributes: N, ShareMode: Read, Write, AllocationSize: n/a, OpenResult: Opened"
"13:51:19.5886850","Notepad.exe","9928","ReadFile","C:\ransomware_test\doc10.txt","SUCCESS","Offset: 0, Length: 13, Priority: Normal"
"13:51:19.5887618","Notepad.exe","9928","ReadFile","C:\ransomware_test\doc10.txt","SUCCESS","Offset: 0, Length: 13, I/O Flags: Non-cached, Paging I/O, Priority: Normal"
"13:51:19.5888549","Notepad.exe","9928","ReadFile","C:\ransomware_test\doc10.txt","END OF FILE","Offset: 13, Length: 4096"
"13:51:19.5888739","Notepad.exe","9928","CloseFile","C:\ransomware_test\doc10.txt","SUCCESS",""
"13:51:19.5890485","Notepad.exe","9928","CreateFile","C:\ransomware_test\doc10.txt","SUCCESS","Desired Access: Generic Write, Read Attributes, Disposition: OverwriteIf, Options: Synchronous IO Non-Alert, Non-Directory File, Disallow Exclusive, Attributes: N, ShareMode: Read, Write, AllocationSize: 0, OpenResult: Overwritten"
"13:51:19.5892656","Notepad.exe","9928","WriteFile","C:\ransomware_test\doc10.txt","SUCCESS","Offset: 0, Length: 13, Priority: Normal"
"13:51:19.5893389","Notepad.exe","9928","CloseFile","C:\ransomware_test\doc10.txt","SUCCESS",""
"13:51:19.5894860","Notepad.exe","9928","CreateFile","C:\ransomware_test\doc10.txt","SUCCESS","Desired Access: Read Attributes, Delete, Synchronize, Disposition: Open, Options: Synchronous IO Non-Alert, Open Reparse Point, Attributes: n/a, ShareMode: Read, Write, Delete, AllocationSize: n/a, OpenResult: Opened"
"13:51:19.5895658","Notepad.exe","9928","QueryAttributeTagFile","C:\ransomware_test\doc10.txt","SUCCESS","Attributes: A, ReparseTag: 0x0"
"13:51:19.5895894","Notepad.exe","9928","QueryBasicInformationFile","C:\ransomware_test\doc10.txt","SUCCESS","CreationTime: 14-07-2026 15:14:16, LastAccessTime: 15-07-2026 13:51:19, LastWriteTime: 15-07-2026 13:51:19, ChangeTime: 15-07-2026 13:51:19, FileAttributes: A"
"13:51:19.5896739","Notepad.exe","9928","CreateFile","C:\ransomware_test","SUCCESS","Desired Access: Write Data/Add File, Synchronize, Disposition: Open, Options: , Attributes: n/a, ShareMode: Read, Write, Delete, AllocationSize: n/a, OpenResult: Opened"
"13:51:19.5897551","Notepad.exe","9928","SetRenameInformationFile","C:\ransomware_test\doc10.txt","SUCCESS","ReplaceIfExists: True, FileName: C:\ransomware_test\doc10.txt.encrypted"
"13:51:19.5898910","Notepad.exe","9928","CloseFile","C:\ransomware_test","SUCCESS",""
"13:51:19.5899288","Notepad.exe","9928","CloseFile","C:\ransomware_test\doc10.txt.encrypted","SUCCESS",""
"13:51:19.5901021","Notepad.exe","9928","CreateFile","C:\ransomware_test\doc2.txt","SUCCESS","Desired Access: Generic Read, Disposition: Open, Options: Synchronous IO Non-Alert, Non-Directory File, Disallow Exclusive, Attributes: N, ShareMode: Read, Write, AllocationSize: n/a, OpenResult: Opened"
"13:51:19.5901793","Notepad.exe","9928","ReadFile","C:\ransomware_test\doc2.txt","SUCCESS","Offset: 0, Length: 13, Priority: Normal"
"13:51:19.5902319","Notepad.exe","9928","ReadFile","C:\ransomware_test\doc2.txt","SUCCESS","Offset: 0, Length: 13, I/O Flags: Non-cached, Paging I/O, Priority: Normal"
"13:51:19.5903024","Notepad.exe","9928","ReadFile","C:\ransomware_test\doc2.txt","END OF FILE","Offset: 13, Length: 4096"
"13:51:19.5903226","Notepad.exe","9928","CloseFile","C:\ransomware_test\doc2.txt","SUCCESS",""
"13:51:19.5916919","Notepad.exe","9928","CreateFile","C:\ransomware_test\doc2.txt","SUCCESS","Desired Access: Generic Write, Read Attributes, Disposition: OverwriteIf, Options: Synchronous IO Non-Alert, Non-Directory File, Disallow Exclusive, Attributes: N, ShareMode: Read, Write, AllocationSize: 0, OpenResult: Overwritten"
"13:51:19.5919173","Notepad.exe","9928","WriteFile","C:\ransomware_test\doc2.txt","SUCCESS","Offset: 0, Length: 13, Priority: Normal"
"13:51:19.5919919","Notepad.exe","9928","CloseFile","C:\ransomware_test\doc2.txt","SUCCESS",""
"13:51:19.5921571","Notepad.exe","9928","CreateFile","C:\ransomware_test\doc2.txt","SUCCESS","Desired Access: Read Attributes, Delete, Synchronize, Disposition: Open, Options: Synchronous IO Non-Alert, Open Reparse Point, Attributes: n/a, ShareMode: Read, Write, Delete, AllocationSize: n/a, OpenResult: Opened"
"13:51:19.5922095","Notepad.exe","9928","QueryAttributeTagFile","C:\ransomware_test\doc2.txt","SUCCESS","Attributes: A, ReparseTag: 0x0"
"13:51:19.5922248","Notepad.exe","9928","QueryBasicInformationFile","C:\ransomware_test\doc2.txt","SUCCESS","CreationTime: 14-07-2026 15:14:16, LastAccessTime: 15-07-2026 13:51:19, LastWriteTime: 15-07-2026 13:51:19, ChangeTime: 15-07-2026 13:51:19, FileAttributes: A"
"13:51:19.5926385","Notepad.exe","9928","CreateFile","C:\ransomware_test","SUCCESS","Desired Access: Write Data/Add File, Synchronize, Disposition: Open, Options: , Attributes: n/a, ShareMode: Read, Write, Delete, AllocationSize: n/a, OpenResult: Opened"
"13:51:19.5927175","Notepad.exe","9928","SetRenameInformationFile","C:\ransomware_test\doc2.txt","SUCCESS","ReplaceIfExists: True, FileName: C:\ransomware_test\doc2.txt.encrypted"
"13:51:19.5931208","Notepad.exe","9928","CloseFile","C:\ransomware_test","SUCCESS",""
"13:51:19.5931679","Notepad.exe","9928","CloseFile","C:\ransomware_test\doc2.txt.encrypted","SUCCESS",""
"13:51:19.5933164","Notepad.exe","9928","CreateFile","C:\ransomware_test\doc3.txt","SUCCESS","Desired Access: Generic Read, Disposition: Open, Options: Synchronous IO Non-Alert, Non-Directory File, Disallow Exclusive, Attributes: N, ShareMode: Read, Write, AllocationSize: n/a, OpenResult: Opened"
"13:51:19.5933787","Notepad.exe","9928","ReadFile","C:\ransomware_test\doc3.txt","SUCCESS","Offset: 0, Length: 13, Priority: Normal"
"13:51:19.5934198","Notepad.exe","9928","ReadFile","C:\ransomware_test\doc3.txt","SUCCESS","Offset: 0, Length: 13, I/O Flags: Non-cached, Paging I/O, Priority: Normal"
"13:51:19.5934823","Notepad.exe","9928","ReadFile","C:\ransomware_test\doc3.txt","END OF FILE","Offset: 13, Length: 4096"
"13:51:19.5934998","Notepad.exe","9928","CloseFile","C:\ransomware_test\doc3.txt","SUCCESS",""
"13:51:19.5936053","Notepad.exe","9928","CreateFile","C:\ransomware_test\doc3.txt","SUCCESS","Desired Access: Generic Write, Read Attributes, Disposition: OverwriteIf, Options: Synchronous IO Non-Alert, Non-Directory File, Disallow Exclusive, Attributes: N, ShareMode: Read, Write, AllocationSize: 0, OpenResult: Overwritten"
"13:51:19.5937485","Notepad.exe","9928","WriteFile","C:\ransomware_test\doc3.txt","SUCCESS","Offset: 0, Length: 13, Priority: Normal"
"13:51:19.5937881","Notepad.exe","9928","CloseFile","C:\ransomware_test\doc3.txt","SUCCESS",""
"13:51:19.5939109","Notepad.exe","9928","CreateFile","C:\ransomware_test\doc3.txt","SUCCESS","Desired Access: Read Attributes, Delete, Synchronize, Disposition: Open, Options: Synchronous IO Non-Alert, Open Reparse Point, Attributes: n/a, ShareMode: Read, Write, Delete, AllocationSize: n/a, OpenResult: Opened"
"13:51:19.5939508","Notepad.exe","9928","QueryAttributeTagFile","C:\ransomware_test\doc3.txt","SUCCESS","Attributes: A, ReparseTag: 0x0"
"13:51:19.5939748","Notepad.exe","9928","QueryBasicInformationFile","C:\ransomware_test\doc3.txt","SUCCESS","CreationTime: 14-07-2026 15:14:16, LastAccessTime: 15-07-2026 13:51:19, LastWriteTime: 15-07-2026 13:51:19, ChangeTime: 15-07-2026 13:51:19, FileAttributes: A"
"13:51:19.5940481","Notepad.exe","9928","CreateFile","C:\ransomware_test","SUCCESS","Desired Access: Write Data/Add File, Synchronize, Disposition: Open, Options: , Attributes: n/a, ShareMode: Read, Write, Delete, AllocationSize: n/a, OpenResult: Opened"
"13:51:19.5943601","Notepad.exe","9928","SetRenameInformationFile","C:\ransomware_test\doc3.txt","SUCCESS","ReplaceIfExists: True, FileName: C:\ransomware_test\doc3.txt.encrypted"
"13:51:19.5945016","Notepad.exe","9928","CloseFile","C:\ransomware_test","SUCCESS",""
"13:51:19.5945452","Notepad.exe","9928","CloseFile","C:\ransomware_test\doc3.txt.encrypted","SUCCESS",""
"13:51:19.5946727","Notepad.exe","9928","CreateFile","C:\ransomware_test\doc4.txt","SUCCESS","Desired Access: Generic Read, Disposition: Open, Options: Synchronous IO Non-Alert, Non-Directory File, Disallow Exclusive, Attributes: N, ShareMode: Read, Write, AllocationSize: n/a, OpenResult: Opened"
"13:51:19.5947255","Notepad.exe","9928","ReadFile","C:\ransomware_test\doc4.txt","SUCCESS","Offset: 0, Length: 13, Priority: Normal"
"13:51:19.5947501","Notepad.exe","9928","ReadFile","C:\ransomware_test\doc4.txt","SUCCESS","Offset: 0, Length: 13, I/O Flags: Non-cached, Paging I/O, Priority: Normal"
"13:51:19.5948026","Notepad.exe","9928","ReadFile","C:\ransomware_test\doc4.txt","END OF FILE","Offset: 13, Length: 4096"
"13:51:19.5948523","Notepad.exe","9928","CloseFile","C:\ransomware_test\doc4.txt","SUCCESS",""
"13:51:19.5949531","Notepad.exe","9928","CreateFile","C:\ransomware_test\doc4.txt","SUCCESS","Desired Access: Generic Write, Read Attributes, Disposition: OverwriteIf, Options: Synchronous IO Non-Alert, Non-Directory File, Disallow Exclusive, Attributes: N, ShareMode: Read, Write, AllocationSize: 0, OpenResult: Overwritten"
"13:51:19.5950675","Notepad.exe","9928","WriteFile","C:\ransomware_test\doc4.txt","SUCCESS","Offset: 0, Length: 13, Priority: Normal"
"13:51:19.5951105","Notepad.exe","9928","CloseFile","C:\ransomware_test\doc4.txt","SUCCESS",""
"13:51:19.5952305","Notepad.exe","9928","CreateFile","C:\ransomware_test\doc4.txt","SUCCESS","Desired Access: Read Attributes, Delete, Synchronize, Disposition: Open, Options: Synchronous IO Non-Alert, Open Reparse Point, Attributes: n/a, ShareMode: Read, Write, Delete, AllocationSize: n/a, OpenResult: Opened"
"13:51:19.5952712","Notepad.exe","9928","QueryAttributeTagFile","C:\ransomware_test\doc4.txt","SUCCESS","Attributes: A, ReparseTag: 0x0"
"13:51:19.5952826","Notepad.exe","9928","QueryBasicInformationFile","C:\ransomware_test\doc4.txt","SUCCESS","CreationTime: 14-07-2026 15:14:16, LastAccessTime: 15-07-2026 13:51:19, LastWriteTime: 15-07-2026 13:51:19, ChangeTime: 15-07-2026 13:51:19, FileAttributes: A"
"13:51:19.5953448","Notepad.exe","9928","CreateFile","C:\ransomware_test","SUCCESS","Desired Access: Write Data/Add File, Synchronize, Disposition: Open, Options: , Attributes: n/a, ShareMode: Read, Write, Delete, AllocationSize: n/a, OpenResult: Opened"
"13:51:19.5953929","Notepad.exe","9928","SetRenameInformationFile","C:\ransomware_test\doc4.txt","SUCCESS","ReplaceIfExists: True, FileName: C:\ransomware_test\doc4.txt.encrypted"
"13:51:19.5954839","Notepad.exe","9928","CloseFile","C:\ransomware_test","SUCCESS",""
"13:51:19.5955224","Notepad.exe","9928","CloseFile","C:\ransomware_test\doc4.txt.encrypted","SUCCESS",""
"13:51:19.5956446","Notepad.exe","9928","CreateFile","C:\ransomware_test\doc5.txt","SUCCESS","Desired Access: Generic Read, Disposition: Open, Options: Synchronous IO Non-Alert, Non-Directory File, Disallow Exclusive, Attributes: N, ShareMode: Read, Write, AllocationSize: n/a, OpenResult: Opened"
"13:51:19.5956865","Notepad.exe","9928","ReadFile","C:\ransomware_test\doc5.txt","SUCCESS","Offset: 0, Length: 13, Priority: Normal"
"13:51:19.5957136","Notepad.exe","9928","ReadFile","C:\ransomware_test\doc5.txt","SUCCESS","Offset: 0, Length: 13, I/O Flags: Non-cached, Paging I/O, Priority: Normal"
"13:51:19.5957584","Notepad.exe","9928","ReadFile","C:\ransomware_test\doc5.txt","END OF FILE","Offset: 13, Length: 4096"
"13:51:19.5957713","Notepad.exe","9928","CloseFile","C:\ransomware_test\doc5.txt","SUCCESS",""
"13:51:19.5958640","Notepad.exe","9928","CreateFile","C:\ransomware_test\doc5.txt","SUCCESS","Desired Access: Generic Write, Read Attributes, Disposition: OverwriteIf, Options: Synchronous IO Non-Alert, Non-Directory File, Disallow Exclusive, Attributes: N, ShareMode: Read, Write, AllocationSize: 0, OpenResult: Overwritten"
"13:51:19.5959759","Notepad.exe","9928","WriteFile","C:\ransomware_test\doc5.txt","SUCCESS","Offset: 0, Length: 13, Priority: Normal"
"13:51:19.5960177","Notepad.exe","9928","CloseFile","C:\ransomware_test\doc5.txt","SUCCESS",""
"13:51:19.5961368","Notepad.exe","9928","CreateFile","C:\ransomware_test\doc5.txt","SUCCESS","Desired Access: Read Attributes, Delete, Synchronize, Disposition: Open, Options: Synchronous IO Non-Alert, Open Reparse Point, Attributes: n/a, ShareMode: Read, Write, Delete, AllocationSize: n/a, OpenResult: Opened"
"13:51:19.5961665","Notepad.exe","9928","QueryAttributeTagFile","C:\ransomware_test\doc5.txt","SUCCESS","Attributes: A, ReparseTag: 0x0"
"13:51:19.5961834","Notepad.exe","9928","QueryBasicInformationFile","C:\ransomware_test\doc5.txt","SUCCESS","CreationTime: 14-07-2026 15:14:16, LastAccessTime: 15-07-2026 13:51:19, LastWriteTime: 15-07-2026 13:51:19, ChangeTime: 15-07-2026 13:51:19, FileAttributes: A"
"13:51:19.5962465","Notepad.exe","9928","CreateFile","C:\ransomware_test","SUCCESS","Desired Access: Write Data/Add File, Synchronize, Disposition: Open, Options: , Attributes: n/a, ShareMode: Read, Write, Delete, AllocationSize: n/a, OpenResult: Opened"
"13:51:19.5962948","Notepad.exe","9928","SetRenameInformationFile","C:\ransomware_test\doc5.txt","SUCCESS","ReplaceIfExists: True, FileName: C:\ransomware_test\doc5.txt.encrypted"
"13:51:19.5963881","Notepad.exe","9928","CloseFile","C:\ransomware_test","SUCCESS",""
"13:51:19.5964261","Notepad.exe","9928","CloseFile","C:\ransomware_test\doc5.txt.encrypted","SUCCESS",""
"13:51:19.5965577","Notepad.exe","9928","CreateFile","C:\ransomware_test\doc6.txt","SUCCESS","Desired Access: Generic Read, Disposition: Open, Options: Synchronous IO Non-Alert, Non-Directory File, Disallow Exclusive, Attributes: N, ShareMode: Read, Write, AllocationSize: n/a, OpenResult: Opened"
"13:51:19.5965990","Notepad.exe","9928","ReadFile","C:\ransomware_test\doc6.txt","SUCCESS","Offset: 0, Length: 13, Priority: Normal"
"13:51:19.5966241","Notepad.exe","9928","ReadFile","C:\ransomware_test\doc6.txt","SUCCESS","Offset: 0, Length: 13, I/O Flags: Non-cached, Paging I/O, Priority: Normal"
"13:51:19.5966769","Notepad.exe","9928","ReadFile","C:\ransomware_test\doc6.txt","END OF FILE","Offset: 13, Length: 4096"
"13:51:19.5966877","Notepad.exe","9928","CloseFile","C:\ransomware_test\doc6.txt","SUCCESS",""
"13:51:19.5967777","Notepad.exe","9928","CreateFile","C:\ransomware_test\doc6.txt","SUCCESS","Desired Access: Generic Write, Read Attributes, Disposition: OverwriteIf, Options: Synchronous IO Non-Alert, Non-Directory File, Disallow Exclusive, Attributes: N, ShareMode: Read, Write, AllocationSize: 0, OpenResult: Overwritten"
"13:51:19.5968768","Notepad.exe","9928","WriteFile","C:\ransomware_test\doc6.txt","SUCCESS","Offset: 0, Length: 13, Priority: Normal"
"13:51:19.5970092","Notepad.exe","9928","CloseFile","C:\ransomware_test\doc6.txt","SUCCESS",""
"13:51:19.5971630","Notepad.exe","9928","CreateFile","C:\ransomware_test\doc6.txt","SUCCESS","Desired Access: Read Attributes, Delete, Synchronize, Disposition: Open, Options: Synchronous IO Non-Alert, Open Reparse Point, Attributes: n/a, ShareMode: Read, Write, Delete, AllocationSize: n/a, OpenResult: Opened"
"13:51:19.5971966","Notepad.exe","9928","QueryAttributeTagFile","C:\ransomware_test\doc6.txt","SUCCESS","Attributes: A, ReparseTag: 0x0"
"13:51:19.5972143","Notepad.exe","9928","QueryBasicInformationFile","C:\ransomware_test\doc6.txt","SUCCESS","CreationTime: 14-07-2026 15:14:16, LastAccessTime: 15-07-2026 13:51:19, LastWriteTime: 15-07-2026 13:51:19, ChangeTime: 15-07-2026 13:51:19, FileAttributes: A"
"13:51:19.5972801","Notepad.exe","9928","CreateFile","C:\ransomware_test","SUCCESS","Desired Access: Write Data/Add File, Synchronize, Disposition: Open, Options: , Attributes: n/a, ShareMode: Read, Write, Delete, AllocationSize: n/a, OpenResult: Opened"
"13:51:19.5973271","Notepad.exe","9928","SetRenameInformationFile","C:\ransomware_test\doc6.txt","SUCCESS","ReplaceIfExists: True, FileName: C:\ransomware_test\doc6.txt.encrypted"
"13:51:19.5974758","Notepad.exe","9928","CloseFile","C:\ransomware_test","SUCCESS",""
"13:51:19.5975117","Notepad.exe","9928","CloseFile","C:\ransomware_test\doc6.txt.encrypted","SUCCESS",""
"13:51:19.5976770","Notepad.exe","9928","CreateFile","C:\ransomware_test\doc7.txt","SUCCESS","Desired Access: Generic Read, Disposition: Open, Options: Synchronous IO Non-Alert, Non-Directory File, Disallow Exclusive, Attributes: N, ShareMode: Read, Write, AllocationSize: n/a, OpenResult: Opened"
"13:51:19.5977266","Notepad.exe","9928","ReadFile","C:\ransomware_test\doc7.txt","SUCCESS","Offset: 0, Length: 13, Priority: Normal"
"13:51:19.5977559","Notepad.exe","9928","ReadFile","C:\ransomware_test\doc7.txt","SUCCESS","Offset: 0, Length: 13, I/O Flags: Non-cached, Paging I/O, Priority: Normal"
"13:51:19.5978130","Notepad.exe","9928","ReadFile","C:\ransomware_test\doc7.txt","END OF FILE","Offset: 13, Length: 4096"
"13:51:19.5978442","Notepad.exe","9928","CloseFile","C:\ransomware_test\doc7.txt","SUCCESS",""
"13:51:19.5979485","Notepad.exe","9928","CreateFile","C:\ransomware_test\doc7.txt","SUCCESS","Desired Access: Generic Write, Read Attributes, Disposition: OverwriteIf, Options: Synchronous IO Non-Alert, Non-Directory File, Disallow Exclusive, Attributes: N, ShareMode: Read, Write, AllocationSize: 0, OpenResult: Overwritten"
"13:51:19.5980587","Notepad.exe","9928","WriteFile","C:\ransomware_test\doc7.txt","SUCCESS","Offset: 0, Length: 13, Priority: Normal"
"13:51:19.5981061","Notepad.exe","9928","CloseFile","C:\ransomware_test\doc7.txt","SUCCESS",""
"13:51:19.5982332","Notepad.exe","9928","CreateFile","C:\ransomware_test\doc7.txt","SUCCESS","Desired Access: Read Attributes, Delete, Synchronize, Disposition: Open, Options: Synchronous IO Non-Alert, Open Reparse Point, Attributes: n/a, ShareMode: Read, Write, Delete, AllocationSize: n/a, OpenResult: Opened"
"13:51:19.5982730","Notepad.exe","9928","QueryAttributeTagFile","C:\ransomware_test\doc7.txt","SUCCESS","Attributes: A, ReparseTag: 0x0"
"13:51:19.5984147","Notepad.exe","9928","QueryBasicInformationFile","C:\ransomware_test\doc7.txt","SUCCESS","CreationTime: 14-07-2026 15:14:16, LastAccessTime: 15-07-2026 13:51:19, LastWriteTime: 15-07-2026 13:51:19, ChangeTime: 15-07-2026 13:51:19, FileAttributes: A"
"13:51:19.5984885","Notepad.exe","9928","CreateFile","C:\ransomware_test","SUCCESS","Desired Access: Write Data/Add File, Synchronize, Disposition: Open, Options: , Attributes: n/a, ShareMode: Read, Write, Delete, AllocationSize: n/a, OpenResult: Opened"
"13:51:19.5985441","Notepad.exe","9928","SetRenameInformationFile","C:\ransomware_test\doc7.txt","SUCCESS","ReplaceIfExists: True, FileName: C:\ransomware_test\doc7.txt.encrypted"
"13:51:19.5986584","Notepad.exe","9928","CloseFile","C:\ransomware_test","SUCCESS",""
"13:51:19.5987000","Notepad.exe","9928","CloseFile","C:\ransomware_test\doc7.txt.encrypted","SUCCESS",""
"13:51:19.5988499","Notepad.exe","9928","CreateFile","C:\ransomware_test\doc8.txt","SUCCESS","Desired Access: Generic Read, Disposition: Open, Options: Synchronous IO Non-Alert, Non-Directory File, Disallow Exclusive, Attributes: N, ShareMode: Read, Write, AllocationSize: n/a, OpenResult: Opened"
"13:51:19.5988975","Notepad.exe","9928","ReadFile","C:\ransomware_test\doc8.txt","SUCCESS","Offset: 0, Length: 13, Priority: Normal"
"13:51:19.5989215","Notepad.exe","9928","ReadFile","C:\ransomware_test\doc8.txt","SUCCESS","Offset: 0, Length: 13, I/O Flags: Non-cached, Paging I/O, Priority: Normal"
"13:51:19.5989824","Notepad.exe","9928","ReadFile","C:\ransomware_test\doc8.txt","END OF FILE","Offset: 13, Length: 4096"
"13:51:19.5989984","Notepad.exe","9928","CloseFile","C:\ransomware_test\doc8.txt","SUCCESS",""
"13:51:19.5990908","Notepad.exe","9928","CreateFile","C:\ransomware_test\doc8.txt","SUCCESS","Desired Access: Generic Write, Read Attributes, Disposition: OverwriteIf, Options: Synchronous IO Non-Alert, Non-Directory File, Disallow Exclusive, Attributes: N, ShareMode: Read, Write, AllocationSize: 0, OpenResult: Overwritten"
"13:51:19.5992001","Notepad.exe","9928","WriteFile","C:\ransomware_test\doc8.txt","SUCCESS","Offset: 0, Length: 13, Priority: Normal"
"13:51:19.5992440","Notepad.exe","9928","CloseFile","C:\ransomware_test\doc8.txt","SUCCESS",""
"13:51:19.5993625","Notepad.exe","9928","CreateFile","C:\ransomware_test\doc8.txt","SUCCESS","Desired Access: Read Attributes, Delete, Synchronize, Disposition: Open, Options: Synchronous IO Non-Alert, Open Reparse Point, Attributes: n/a, ShareMode: Read, Write, Delete, AllocationSize: n/a, OpenResult: Opened"
"13:51:19.5993935","Notepad.exe","9928","QueryAttributeTagFile","C:\ransomware_test\doc8.txt","SUCCESS","Attributes: A, ReparseTag: 0x0"
"13:51:19.5994052","Notepad.exe","9928","QueryBasicInformationFile","C:\ransomware_test\doc8.txt","SUCCESS","CreationTime: 14-07-2026 15:14:16, LastAccessTime: 15-07-2026 13:51:19, LastWriteTime: 15-07-2026 13:51:19, ChangeTime: 15-07-2026 13:51:19, FileAttributes: A"
"13:51:19.5994714","Notepad.exe","9928","CreateFile","C:\ransomware_test","SUCCESS","Desired Access: Write Data/Add File, Synchronize, Disposition: Open, Options: , Attributes: n/a, ShareMode: Read, Write, Delete, AllocationSize: n/a, OpenResult: Opened"
"13:51:19.5998883","Notepad.exe","9928","SetRenameInformationFile","C:\ransomware_test\doc8.txt","SUCCESS","ReplaceIfExists: True, FileName: C:\ransomware_test\doc8.txt.encrypted"
"13:51:19.6000128","Notepad.exe","9928","CloseFile","C:\ransomware_test","SUCCESS",""
"13:51:19.6000525","Notepad.exe","9928","CloseFile","C:\ransomware_test\doc8.txt.encrypted","SUCCESS",""
"13:51:19.6001764","Notepad.exe","9928","CreateFile","C:\ransomware_test\doc9.txt","SUCCESS","Desired Access: Generic Read, Disposition: Open, Options: Synchronous IO Non-Alert, Non-Directory File, Disallow Exclusive, Attributes: N, ShareMode: Read, Write, AllocationSize: n/a, OpenResult: Opened"
"13:51:19.6003194","Notepad.exe","9928","ReadFile","C:\ransomware_test\doc9.txt","SUCCESS","Offset: 0, Length: 13, Priority: Normal"
"13:51:19.6003486","Notepad.exe","9928","ReadFile","C:\ransomware_test\doc9.txt","SUCCESS","Offset: 0, Length: 13, I/O Flags: Non-cached, Paging I/O, Priority: Normal"
"13:51:19.6003835","Notepad.exe","9928","ReadFile","C:\ransomware_test\doc9.txt","END OF FILE","Offset: 13, Length: 4096"
"13:51:19.6003997","Notepad.exe","9928","CloseFile","C:\ransomware_test\doc9.txt","SUCCESS",""
"13:51:19.6004958","Notepad.exe","9928","CreateFile","C:\ransomware_test\doc9.txt","SUCCESS","Desired Access: Generic Write, Read Attributes, Disposition: OverwriteIf, Options: Synchronous IO Non-Alert, Non-Directory File, Disallow Exclusive, Attributes: N, ShareMode: Read, Write, AllocationSize: 0, OpenResult: Overwritten"
"13:51:19.6006003","Notepad.exe","9928","WriteFile","C:\ransomware_test\doc9.txt","SUCCESS","Offset: 0, Length: 13, Priority: Normal"
"13:51:19.6006433","Notepad.exe","9928","CloseFile","C:\ransomware_test\doc9.txt","SUCCESS",""
"13:51:19.6007688","Notepad.exe","9928","CreateFile","C:\ransomware_test\doc9.txt","SUCCESS","Desired Access: Read Attributes, Delete, Synchronize, Disposition: Open, Options: Synchronous IO Non-Alert, Open Reparse Point, Attributes: n/a, ShareMode: Read, Write, Delete, AllocationSize: n/a, OpenResult: Opened"
"13:51:19.6008000","Notepad.exe","9928","QueryAttributeTagFile","C:\ransomware_test\doc9.txt","SUCCESS","Attributes: A, ReparseTag: 0x0"
"13:51:19.6008106","Notepad.exe","9928","QueryBasicInformationFile","C:\ransomware_test\doc9.txt","SUCCESS","CreationTime: 14-07-2026 15:14:16, LastAccessTime: 15-07-2026 13:51:19, LastWriteTime: 15-07-2026 13:51:19, ChangeTime: 15-07-2026 13:51:19, FileAttributes: A"
"13:51:19.6008720","Notepad.exe","9928","CreateFile","C:\ransomware_test","SUCCESS","Desired Access: Write Data/Add File, Synchronize, Disposition: Open, Options: , Attributes: n/a, ShareMode: Read, Write, Delete, AllocationSize: n/a, OpenResult: Opened"
"13:51:19.6009596","Notepad.exe","9928","SetRenameInformationFile","C:\ransomware_test\doc9.txt","SUCCESS","ReplaceIfExists: True, FileName: C:\ransomware_test\doc9.txt.encrypted"
"13:51:19.6010725","Notepad.exe","9928","CloseFile","C:\ransomware_test","SUCCESS",""
"13:51:19.6014235","Notepad.exe","9928","CloseFile","C:\ransomware_test\doc9.txt.encrypted","SUCCESS",""
"13:51:19.6015885","Notepad.exe","9928","CreateFile","C:\ransomware_test\photo1.jpg","SUCCESS","Desired Access: Generic Read, Disposition: Open, Options: Synchronous IO Non-Alert, Non-Directory File, Disallow Exclusive, Attributes: N, ShareMode: Read, Write, AllocationSize: n/a, OpenResult: Opened"
"13:51:19.6016397","Notepad.exe","9928","ReadFile","C:\ransomware_test\photo1.jpg","SUCCESS","Offset: 0, Length: 9, Priority: Normal"
"13:51:19.6016603","Notepad.exe","9928","ReadFile","C:\ransomware_test\photo1.jpg","SUCCESS","Offset: 0, Length: 9, I/O Flags: Non-cached, Paging I/O, Priority: Normal"
"13:51:19.6017141","Notepad.exe","9928","ReadFile","C:\ransomware_test\photo1.jpg","END OF FILE","Offset: 9, Length: 4096"
"13:51:19.6017243","Notepad.exe","9928","CloseFile","C:\ransomware_test\photo1.jpg","SUCCESS",""
"13:51:19.6018434","Notepad.exe","9928","CreateFile","C:\ransomware_test\photo1.jpg","SUCCESS","Desired Access: Generic Write, Read Attributes, Disposition: OverwriteIf, Options: Synchronous IO Non-Alert, Non-Directory File, Disallow Exclusive, Attributes: N, ShareMode: Read, Write, AllocationSize: 0, OpenResult: Overwritten"
"13:51:19.6019597","Notepad.exe","9928","WriteFile","C:\ransomware_test\photo1.jpg","SUCCESS","Offset: 0, Length: 9, Priority: Normal"
"13:51:19.6020138","Notepad.exe","9928","CloseFile","C:\ransomware_test\photo1.jpg","SUCCESS",""
"13:51:19.6021374","Notepad.exe","9928","CreateFile","C:\ransomware_test\photo1.jpg","SUCCESS","Desired Access: Read Attributes, Delete, Synchronize, Disposition: Open, Options: Synchronous IO Non-Alert, Open Reparse Point, Attributes: n/a, ShareMode: Read, Write, Delete, AllocationSize: n/a, OpenResult: Opened"
"13:51:19.6021743","Notepad.exe","9928","QueryAttributeTagFile","C:\ransomware_test\photo1.jpg","SUCCESS","Attributes: A, ReparseTag: 0x0"
"13:51:19.6021851","Notepad.exe","9928","QueryBasicInformationFile","C:\ransomware_test\photo1.jpg","SUCCESS","CreationTime: 14-07-2026 15:14:22, LastAccessTime: 15-07-2026 13:51:19, LastWriteTime: 15-07-2026 13:51:19, ChangeTime: 15-07-2026 13:51:19, FileAttributes: A"
"13:51:19.6022500","Notepad.exe","9928","CreateFile","C:\ransomware_test","SUCCESS","Desired Access: Write Data/Add File, Synchronize, Disposition: Open, Options: , Attributes: n/a, ShareMode: Read, Write, Delete, AllocationSize: n/a, OpenResult: Opened"
"13:51:19.6022998","Notepad.exe","9928","SetRenameInformationFile","C:\ransomware_test\photo1.jpg","SUCCESS","ReplaceIfExists: True, FileName: C:\ransomware_test\photo1.jpg.encrypted"
"13:51:19.6024302","Notepad.exe","9928","CloseFile","C:\ransomware_test","SUCCESS",""
"13:51:19.6024631","Notepad.exe","9928","CloseFile","C:\ransomware_test\photo1.jpg.encrypted","SUCCESS",""
"13:51:19.6025961","Notepad.exe","9928","CreateFile","C:\ransomware_test\photo2.jpg","SUCCESS","Desired Access: Generic Read, Disposition: Open, Options: Synchronous IO Non-Alert, Non-Directory File, Disallow Exclusive, Attributes: N, ShareMode: Read, Write, AllocationSize: n/a, OpenResult: Opened"
"13:51:19.6026394","Notepad.exe","9928","ReadFile","C:\ransomware_test\photo2.jpg","SUCCESS","Offset: 0, Length: 9, Priority: Normal"
"13:51:19.6026727","Notepad.exe","9928","ReadFile","C:\ransomware_test\photo2.jpg","SUCCESS","Offset: 0, Length: 9, I/O Flags: Non-cached, Paging I/O, Priority: Normal"
"13:51:19.6027279","Notepad.exe","9928","ReadFile","C:\ransomware_test\photo2.jpg","END OF FILE","Offset: 9, Length: 4096"
"13:51:19.6027383","Notepad.exe","9928","CloseFile","C:\ransomware_test\photo2.jpg","SUCCESS",""
"13:51:19.6028411","Notepad.exe","9928","CreateFile","C:\ransomware_test\photo2.jpg","SUCCESS","Desired Access: Generic Write, Read Attributes, Disposition: OverwriteIf, Options: Synchronous IO Non-Alert, Non-Directory File, Disallow Exclusive, Attributes: N, ShareMode: Read, Write, AllocationSize: 0, OpenResult: Overwritten"
"13:51:19.6029383","Notepad.exe","9928","WriteFile","C:\ransomware_test\photo2.jpg","SUCCESS","Offset: 0, Length: 9, Priority: Normal"
"13:51:19.6029942","Notepad.exe","9928","CloseFile","C:\ransomware_test\photo2.jpg","SUCCESS",""
"13:51:19.6031171","Notepad.exe","9928","CreateFile","C:\ransomware_test\photo2.jpg","SUCCESS","Desired Access: Read Attributes, Delete, Synchronize, Disposition: Open, Options: Synchronous IO Non-Alert, Open Reparse Point, Attributes: n/a, ShareMode: Read, Write, Delete, AllocationSize: n/a, OpenResult: Opened"
"13:51:19.6031537","Notepad.exe","9928","QueryAttributeTagFile","C:\ransomware_test\photo2.jpg","SUCCESS","Attributes: A, ReparseTag: 0x0"
"13:51:19.6031646","Notepad.exe","9928","QueryBasicInformationFile","C:\ransomware_test\photo2.jpg","SUCCESS","CreationTime: 14-07-2026 15:14:22, LastAccessTime: 15-07-2026 13:51:19, LastWriteTime: 15-07-2026 13:51:19, ChangeTime: 15-07-2026 13:51:19, FileAttributes: A"
"13:51:19.6032253","Notepad.exe","9928","CreateFile","C:\ransomware_test","SUCCESS","Desired Access: Write Data/Add File, Synchronize, Disposition: Open, Options: , Attributes: n/a, ShareMode: Read, Write, Delete, AllocationSize: n/a, OpenResult: Opened"
"13:51:19.6032779","Notepad.exe","9928","SetRenameInformationFile","C:\ransomware_test\photo2.jpg","SUCCESS","ReplaceIfExists: True, FileName: C:\ransomware_test\photo2.jpg.encrypted"
"13:51:19.6033690","Notepad.exe","9928","CloseFile","C:\ransomware_test","SUCCESS",""
"13:51:19.6034079","Notepad.exe","9928","CloseFile","C:\ransomware_test\photo2.jpg.encrypted","SUCCESS",""
"13:51:19.6035302","Notepad.exe","9928","CreateFile","C:\ransomware_test\photo3.jpg","SUCCESS","Desired Access: Generic Read, Disposition: Open, Options: Synchronous IO Non-Alert, Non-Directory File, Disallow Exclusive, Attributes: N, ShareMode: Read, Write, AllocationSize: n/a, OpenResult: Opened"
"13:51:19.6035862","Notepad.exe","9928","ReadFile","C:\ransomware_test\photo3.jpg","SUCCESS","Offset: 0, Length: 9, Priority: Normal"
"13:51:19.6036156","Notepad.exe","9928","ReadFile","C:\ransomware_test\photo3.jpg","SUCCESS","Offset: 0, Length: 9, I/O Flags: Non-cached, Paging I/O, Priority: Normal"
"13:51:19.6041404","Notepad.exe","9928","ReadFile","C:\ransomware_test\photo3.jpg","END OF FILE","Offset: 9, Length: 4096"
"13:51:19.6041513","Notepad.exe","9928","CloseFile","C:\ransomware_test\photo3.jpg","SUCCESS",""
"13:51:19.6042601","Notepad.exe","9928","CreateFile","C:\ransomware_test\photo3.jpg","SUCCESS","Desired Access: Generic Write, Read Attributes, Disposition: OverwriteIf, Options: Synchronous IO Non-Alert, Non-Directory File, Disallow Exclusive, Attributes: N, ShareMode: Read, Write, AllocationSize: 0, OpenResult: Overwritten"
"13:51:19.6043951","Notepad.exe","9928","WriteFile","C:\ransomware_test\photo3.jpg","SUCCESS","Offset: 0, Length: 9, Priority: Normal"
"13:51:19.6044635","Notepad.exe","9928","CloseFile","C:\ransomware_test\photo3.jpg","SUCCESS",""
"13:51:19.6046128","Notepad.exe","9928","CreateFile","C:\ransomware_test\photo3.jpg","SUCCESS","Desired Access: Read Attributes, Delete, Synchronize, Disposition: Open, Options: Synchronous IO Non-Alert, Open Reparse Point, Attributes: n/a, ShareMode: Read, Write, Delete, AllocationSize: n/a, OpenResult: Opened"
"13:51:19.6046465","Notepad.exe","9928","QueryAttributeTagFile","C:\ransomware_test\photo3.jpg","SUCCESS","Attributes: A, ReparseTag: 0x0"
"13:51:19.6046596","Notepad.exe","9928","QueryBasicInformationFile","C:\ransomware_test\photo3.jpg","SUCCESS","CreationTime: 14-07-2026 15:14:22, LastAccessTime: 15-07-2026 13:51:19, LastWriteTime: 15-07-2026 13:51:19, ChangeTime: 15-07-2026 13:51:19, FileAttributes: A"
"13:51:19.6047392","Notepad.exe","9928","CreateFile","C:\ransomware_test","SUCCESS","Desired Access: Write Data/Add File, Synchronize, Disposition: Open, Options: , Attributes: n/a, ShareMode: Read, Write, Delete, AllocationSize: n/a, OpenResult: Opened"
"13:51:19.6047988","Notepad.exe","9928","SetRenameInformationFile","C:\ransomware_test\photo3.jpg","SUCCESS","ReplaceIfExists: True, FileName: C:\ransomware_test\photo3.jpg.encrypted"
"13:51:19.6049185","Notepad.exe","9928","CloseFile","C:\ransomware_test","SUCCESS",""
"13:51:19.6049544","Notepad.exe","9928","CloseFile","C:\ransomware_test\photo3.jpg.encrypted","SUCCESS",""
"13:51:19.6050964","Notepad.exe","9928","CreateFile","C:\ransomware_test\photo4.jpg","SUCCESS","Desired Access: Generic Read, Disposition: Open, Options: Synchronous IO Non-Alert, Non-Directory File, Disallow Exclusive, Attributes: N, ShareMode: Read, Write, AllocationSize: n/a, OpenResult: Opened"
"13:51:19.6051397","Notepad.exe","9928","ReadFile","C:\ransomware_test\photo4.jpg","SUCCESS","Offset: 0, Length: 9, Priority: Normal"
"13:51:19.6052222","Notepad.exe","9928","ReadFile","C:\ransomware_test\photo4.jpg","END OF FILE","Offset: 9, Length: 4096"
"13:51:19.6052328","Notepad.exe","9928","CloseFile","C:\ransomware_test\photo4.jpg","SUCCESS",""
"13:51:19.6053157","Notepad.exe","9928","CreateFile","C:\ransomware_test\photo4.jpg","SUCCESS","Desired Access: Generic Write, Read Attributes, Disposition: OverwriteIf, Options: Synchronous IO Non-Alert, Non-Directory File, Disallow Exclusive, Attributes: N, ShareMode: Read, Write, AllocationSize: 0, OpenResult: Overwritten"
"13:51:19.6054345","Notepad.exe","9928","WriteFile","C:\ransomware_test\photo4.jpg","SUCCESS","Offset: 0, Length: 9, Priority: Normal"
"13:51:19.6054788","Notepad.exe","9928","CloseFile","C:\ransomware_test\photo4.jpg","SUCCESS",""
"13:51:19.6056004","Notepad.exe","9928","CreateFile","C:\ransomware_test\photo4.jpg","SUCCESS","Desired Access: Read Attributes, Delete, Synchronize, Disposition: Open, Options: Synchronous IO Non-Alert, Open Reparse Point, Attributes: n/a, ShareMode: Read, Write, Delete, AllocationSize: n/a, OpenResult: Opened"
"13:51:19.6056311","Notepad.exe","9928","QueryAttributeTagFile","C:\ransomware_test\photo4.jpg","SUCCESS","Attributes: A, ReparseTag: 0x0"
"13:51:19.6056485","Notepad.exe","9928","QueryBasicInformationFile","C:\ransomware_test\photo4.jpg","SUCCESS","CreationTime: 14-07-2026 15:14:22, LastAccessTime: 15-07-2026 13:51:19, LastWriteTime: 15-07-2026 13:51:19, ChangeTime: 15-07-2026 13:51:19, FileAttributes: A"
"13:51:19.6057201","Notepad.exe","9928","CreateFile","C:\ransomware_test","SUCCESS","Desired Access: Write Data/Add File, Synchronize, Disposition: Open, Options: , Attributes: n/a, ShareMode: Read, Write, Delete, AllocationSize: n/a, OpenResult: Opened"
"13:51:19.6057726","Notepad.exe","9928","SetRenameInformationFile","C:\ransomware_test\photo4.jpg","SUCCESS","ReplaceIfExists: True, FileName: C:\ransomware_test\photo4.jpg.encrypted"
"13:51:19.6058941","Notepad.exe","9928","CloseFile","C:\ransomware_test","SUCCESS",""
"13:51:19.6059279","Notepad.exe","9928","CloseFile","C:\ransomware_test\photo4.jpg.encrypted","SUCCESS",""
"13:51:19.6060773","Notepad.exe","9928","CreateFile","C:\ransomware_test\photo5.jpg","SUCCESS","Desired Access: Generic Read, Disposition: Open, Options: Synchronous IO Non-Alert, Non-Directory File, Disallow Exclusive, Attributes: N, ShareMode: Read, Write, AllocationSize: n/a, OpenResult: Opened"
"13:51:19.6061262","Notepad.exe","9928","ReadFile","C:\ransomware_test\photo5.jpg","SUCCESS","Offset: 0, Length: 9, Priority: Normal"
"13:51:19.6061794","Notepad.exe","9928","ReadFile","C:\ransomware_test\photo5.jpg","END OF FILE","Offset: 9, Length: 4096"
"13:51:19.6061936","Notepad.exe","9928","CloseFile","C:\ransomware_test\photo5.jpg","SUCCESS",""
"13:51:19.6062768","Notepad.exe","9928","CreateFile","C:\ransomware_test\photo5.jpg","SUCCESS","Desired Access: Generic Write, Read Attributes, Disposition: OverwriteIf, Options: Synchronous IO Non-Alert, Non-Directory File, Disallow Exclusive, Attributes: N, ShareMode: Read, Write, AllocationSize: 0, OpenResult: Overwritten"
"13:51:19.6063836","Notepad.exe","9928","WriteFile","C:\ransomware_test\photo5.jpg","SUCCESS","Offset: 0, Length: 9, Priority: Normal"
"13:51:19.6064227","Notepad.exe","9928","CloseFile","C:\ransomware_test\photo5.jpg","SUCCESS",""
"13:51:19.6065788","Notepad.exe","9928","CreateFile","C:\ransomware_test\photo5.jpg","SUCCESS","Desired Access: Read Attributes, Delete, Synchronize, Disposition: Open, Options: Synchronous IO Non-Alert, Open Reparse Point, Attributes: n/a, ShareMode: Read, Write, Delete, AllocationSize: n/a, OpenResult: Opened"
"13:51:19.6066084","Notepad.exe","9928","QueryAttributeTagFile","C:\ransomware_test\photo5.jpg","SUCCESS","Attributes: A, ReparseTag: 0x0"
"13:51:19.6066271","Notepad.exe","9928","QueryBasicInformationFile","C:\ransomware_test\photo5.jpg","SUCCESS","CreationTime: 14-07-2026 15:14:22, LastAccessTime: 15-07-2026 13:51:19, LastWriteTime: 15-07-2026 13:51:19, ChangeTime: 15-07-2026 13:51:19, FileAttributes: A"
"13:51:19.6066856","Notepad.exe","9928","CreateFile","C:\ransomware_test","SUCCESS","Desired Access: Write Data/Add File, Synchronize, Disposition: Open, Options: , Attributes: n/a, ShareMode: Read, Write, Delete, AllocationSize: n/a, OpenResult: Opened"
"13:51:19.6067297","Notepad.exe","9928","SetRenameInformationFile","C:\ransomware_test\photo5.jpg","SUCCESS","ReplaceIfExists: True, FileName: C:\ransomware_test\photo5.jpg.encrypted"
"13:51:19.6076911","Notepad.exe","9928","CloseFile","C:\ransomware_test","SUCCESS",""
"13:51:19.6077413","Notepad.exe","9928","CloseFile","C:\ransomware_test\photo5.jpg.encrypted","SUCCESS",""
"13:51:19.6079049","Notepad.exe","9928","CreateFile","C:\ransomware_test\report1.docx","SUCCESS","Desired Access: Generic Read, Disposition: Open, Options: Synchronous IO Non-Alert, Non-Directory File, Disallow Exclusive, Attributes: N, ShareMode: Read, Write, AllocationSize: n/a, OpenResult: Opened"
"13:51:19.6079839","Notepad.exe","9928","ReadFile","C:\ransomware_test\report1.docx","SUCCESS","Offset: 0, Length: 10, Priority: Normal"
"13:51:19.6080408","Notepad.exe","9928","ReadFile","C:\ransomware_test\report1.docx","SUCCESS","Offset: 0, Length: 10, I/O Flags: Non-cached, Paging I/O, Priority: Normal"
"13:51:19.6081307","Notepad.exe","9928","ReadFile","C:\ransomware_test\report1.docx","END OF FILE","Offset: 10, Length: 4096"
"13:51:19.6081665","Notepad.exe","9928","CloseFile","C:\ransomware_test\report1.docx","SUCCESS",""
"13:51:19.6082865","Notepad.exe","9928","CreateFile","C:\ransomware_test\report1.docx","SUCCESS","Desired Access: Generic Write, Read Attributes, Disposition: OverwriteIf, Options: Synchronous IO Non-Alert, Non-Directory File, Disallow Exclusive, Attributes: N, ShareMode: Read, Write, AllocationSize: 0, OpenResult: Overwritten"
"13:51:19.6084331","Notepad.exe","9928","WriteFile","C:\ransomware_test\report1.docx","SUCCESS","Offset: 0, Length: 10, Priority: Normal"
"13:51:19.6084855","Notepad.exe","9928","CloseFile","C:\ransomware_test\report1.docx","SUCCESS",""
"13:51:19.6087112","Notepad.exe","9928","CreateFile","C:\ransomware_test\report1.docx","SUCCESS","Desired Access: Read Attributes, Delete, Synchronize, Disposition: Open, Options: Synchronous IO Non-Alert, Open Reparse Point, Attributes: n/a, ShareMode: Read, Write, Delete, AllocationSize: n/a, OpenResult: Opened"
"13:51:19.6087446","Notepad.exe","9928","QueryAttributeTagFile","C:\ransomware_test\report1.docx","SUCCESS","Attributes: A, ReparseTag: 0x0"
"13:51:19.6087675","Notepad.exe","9928","QueryBasicInformationFile","C:\ransomware_test\report1.docx","SUCCESS","CreationTime: 14-07-2026 15:14:19, LastAccessTime: 15-07-2026 13:51:19, LastWriteTime: 15-07-2026 13:51:19, ChangeTime: 15-07-2026 13:51:19, FileAttributes: A"
"13:51:19.6088384","Notepad.exe","9928","CreateFile","C:\ransomware_test","SUCCESS","Desired Access: Write Data/Add File, Synchronize, Disposition: Open, Options: , Attributes: n/a, ShareMode: Read, Write, Delete, AllocationSize: n/a, OpenResult: Opened"
"13:51:19.6089078","Notepad.exe","9928","SetRenameInformationFile","C:\ransomware_test\report1.docx","SUCCESS","ReplaceIfExists: True, FileName: C:\ransomware_test\report1.docx.encrypted"
"13:51:19.6090424","Notepad.exe","9928","CloseFile","C:\ransomware_test","SUCCESS",""
"13:51:19.6090872","Notepad.exe","9928","CloseFile","C:\ransomware_test\report1.docx.encrypted","SUCCESS",""
"13:51:19.6092212","Notepad.exe","9928","CreateFile","C:\ransomware_test\report2.docx","SUCCESS","Desired Access: Generic Read, Disposition: Open, Options: Synchronous IO Non-Alert, Non-Directory File, Disallow Exclusive, Attributes: N, ShareMode: Read, Write, AllocationSize: n/a, OpenResult: Opened"
"13:51:19.6092815","Notepad.exe","9928","ReadFile","C:\ransomware_test\report2.docx","SUCCESS","Offset: 0, Length: 10, Priority: Normal"
"13:51:19.6093295","Notepad.exe","9928","ReadFile","C:\ransomware_test\report2.docx","SUCCESS","Offset: 0, Length: 10, I/O Flags: Non-cached, Paging I/O, Priority: Normal"
"13:51:19.6094005","Notepad.exe","9928","ReadFile","C:\ransomware_test\report2.docx","END OF FILE","Offset: 10, Length: 4096"
"13:51:19.6094112","Notepad.exe","9928","CloseFile","C:\ransomware_test\report2.docx","SUCCESS",""
"13:51:19.6095185","Notepad.exe","9928","CreateFile","C:\ransomware_test\report2.docx","SUCCESS","Desired Access: Generic Write, Read Attributes, Disposition: OverwriteIf, Options: Synchronous IO Non-Alert, Non-Directory File, Disallow Exclusive, Attributes: N, ShareMode: Read, Write, AllocationSize: 0, OpenResult: Overwritten"
"13:51:19.6096368","Notepad.exe","9928","WriteFile","C:\ransomware_test\report2.docx","SUCCESS","Offset: 0, Length: 10, Priority: Normal"
"13:51:19.6096856","Notepad.exe","9928","CloseFile","C:\ransomware_test\report2.docx","SUCCESS",""
"13:51:19.6098131","Notepad.exe","9928","CreateFile","C:\ransomware_test\report2.docx","SUCCESS","Desired Access: Read Attributes, Delete, Synchronize, Disposition: Open, Options: Synchronous IO Non-Alert, Open Reparse Point, Attributes: n/a, ShareMode: Read, Write, Delete, AllocationSize: n/a, OpenResult: Opened"
"13:51:19.6098531","Notepad.exe","9928","QueryAttributeTagFile","C:\ransomware_test\report2.docx","SUCCESS","Attributes: A, ReparseTag: 0x0"
"13:51:19.6098652","Notepad.exe","9928","QueryBasicInformationFile","C:\ransomware_test\report2.docx","SUCCESS","CreationTime: 14-07-2026 15:14:19, LastAccessTime: 15-07-2026 13:51:19, LastWriteTime: 15-07-2026 13:51:19, ChangeTime: 15-07-2026 13:51:19, FileAttributes: A"
"13:51:19.6099338","Notepad.exe","9928","CreateFile","C:\ransomware_test","SUCCESS","Desired Access: Write Data/Add File, Synchronize, Disposition: Open, Options: , Attributes: n/a, ShareMode: Read, Write, Delete, AllocationSize: n/a, OpenResult: Opened"
"13:51:19.6100039","Notepad.exe","9928","SetRenameInformationFile","C:\ransomware_test\report2.docx","SUCCESS","ReplaceIfExists: True, FileName: C:\ransomware_test\report2.docx.encrypted"
"13:51:19.6101174","Notepad.exe","9928","CloseFile","C:\ransomware_test","SUCCESS",""
"13:51:19.6101582","Notepad.exe","9928","CloseFile","C:\ransomware_test\report2.docx.encrypted","SUCCESS",""
"13:51:19.6106751","Notepad.exe","9928","CreateFile","C:\ransomware_test\report3.docx","SUCCESS","Desired Access: Generic Read, Disposition: Open, Options: Synchronous IO Non-Alert, Non-Directory File, Disallow Exclusive, Attributes: N, ShareMode: Read, Write, AllocationSize: n/a, OpenResult: Opened"
"13:51:19.6110578","Notepad.exe","9928","ReadFile","C:\ransomware_test\report3.docx","SUCCESS","Offset: 0, Length: 10, Priority: Normal"
"13:51:19.6111077","Notepad.exe","9928","ReadFile","C:\ransomware_test\report3.docx","SUCCESS","Offset: 0, Length: 10, I/O Flags: Non-cached, Paging I/O, Priority: Normal"
"13:51:19.6111839","Notepad.exe","9928","ReadFile","C:\ransomware_test\report3.docx","END OF FILE","Offset: 10, Length: 4096"
"13:51:19.6112046","Notepad.exe","9928","CloseFile","C:\ransomware_test\report3.docx","SUCCESS",""
"13:51:19.6113207","Notepad.exe","9928","CreateFile","C:\ransomware_test\report3.docx","SUCCESS","Desired Access: Generic Write, Read Attributes, Disposition: OverwriteIf, Options: Synchronous IO Non-Alert, Non-Directory File, Disallow Exclusive, Attributes: N, ShareMode: Read, Write, AllocationSize: 0, OpenResult: Overwritten"
"13:51:19.6114716","Notepad.exe","9928","WriteFile","C:\ransomware_test\report3.docx","SUCCESS","Offset: 0, Length: 10, Priority: Normal"
"13:51:19.6115241","Notepad.exe","9928","CloseFile","C:\ransomware_test\report3.docx","SUCCESS",""
"13:51:19.6116982","Notepad.exe","9928","CreateFile","C:\ransomware_test\report3.docx","SUCCESS","Desired Access: Read Attributes, Delete, Synchronize, Disposition: Open, Options: Synchronous IO Non-Alert, Open Reparse Point, Attributes: n/a, ShareMode: Read, Write, Delete, AllocationSize: n/a, OpenResult: Opened"
"13:51:19.6117471","Notepad.exe","9928","QueryAttributeTagFile","C:\ransomware_test\report3.docx","SUCCESS","Attributes: A, ReparseTag: 0x0"
"13:51:19.6117587","Notepad.exe","9928","QueryBasicInformationFile","C:\ransomware_test\report3.docx","SUCCESS","CreationTime: 14-07-2026 15:14:19, LastAccessTime: 15-07-2026 13:51:19, LastWriteTime: 15-07-2026 13:51:19, ChangeTime: 15-07-2026 13:51:19, FileAttributes: A"
"13:51:19.6118294","Notepad.exe","9928","CreateFile","C:\ransomware_test","SUCCESS","Desired Access: Write Data/Add File, Synchronize, Disposition: Open, Options: , Attributes: n/a, ShareMode: Read, Write, Delete, AllocationSize: n/a, OpenResult: Opened"
"13:51:19.6118927","Notepad.exe","9928","SetRenameInformationFile","C:\ransomware_test\report3.docx","SUCCESS","ReplaceIfExists: True, FileName: C:\ransomware_test\report3.docx.encrypted"
"13:51:19.6120250","Notepad.exe","9928","CloseFile","C:\ransomware_test","SUCCESS",""
"13:51:19.6120673","Notepad.exe","9928","CloseFile","C:\ransomware_test\report3.docx.encrypted","SUCCESS",""
"13:51:19.6122123","Notepad.exe","9928","CreateFile","C:\ransomware_test\report4.docx","SUCCESS","Desired Access: Generic Read, Disposition: Open, Options: Synchronous IO Non-Alert, Non-Directory File, Disallow Exclusive, Attributes: N, ShareMode: Read, Write, AllocationSize: n/a, OpenResult: Opened"
"13:51:19.6122825","Notepad.exe","9928","ReadFile","C:\ransomware_test\report4.docx","SUCCESS","Offset: 0, Length: 10, Priority: Normal"
"13:51:19.6123216","Notepad.exe","9928","ReadFile","C:\ransomware_test\report4.docx","SUCCESS","Offset: 0, Length: 10, I/O Flags: Non-cached, Paging I/O, Priority: Normal"
"13:51:19.6123819","Notepad.exe","9928","ReadFile","C:\ransomware_test\report4.docx","END OF FILE","Offset: 10, Length: 4096"
"13:51:19.6123918","Notepad.exe","9928","CloseFile","C:\ransomware_test\report4.docx","SUCCESS",""
"13:51:19.6125002","Notepad.exe","9928","CreateFile","C:\ransomware_test\report4.docx","SUCCESS","Desired Access: Generic Write, Read Attributes, Disposition: OverwriteIf, Options: Synchronous IO Non-Alert, Non-Directory File, Disallow Exclusive, Attributes: N, ShareMode: Read, Write, AllocationSize: 0, OpenResult: Overwritten"
"13:51:19.6126106","Notepad.exe","9928","WriteFile","C:\ransomware_test\report4.docx","SUCCESS","Offset: 0, Length: 10, Priority: Normal"
"13:51:19.6126485","Notepad.exe","9928","CloseFile","C:\ransomware_test\report4.docx","SUCCESS",""
"13:51:19.6130129","Notepad.exe","9928","CreateFile","C:\ransomware_test\report4.docx","SUCCESS","Desired Access: Read Attributes, Delete, Synchronize, Disposition: Open, Options: Synchronous IO Non-Alert, Open Reparse Point, Attributes: n/a, ShareMode: Read, Write, Delete, AllocationSize: n/a, OpenResult: Opened"
"13:51:19.6130562","Notepad.exe","9928","QueryAttributeTagFile","C:\ransomware_test\report4.docx","SUCCESS","Attributes: A, ReparseTag: 0x0"
"13:51:19.6130667","Notepad.exe","9928","QueryBasicInformationFile","C:\ransomware_test\report4.docx","SUCCESS","CreationTime: 14-07-2026 15:14:19, LastAccessTime: 15-07-2026 13:51:19, LastWriteTime: 15-07-2026 13:51:19, ChangeTime: 15-07-2026 13:51:19, FileAttributes: A"
"13:51:19.6131359","Notepad.exe","9928","CreateFile","C:\ransomware_test","SUCCESS","Desired Access: Write Data/Add File, Synchronize, Disposition: Open, Options: , Attributes: n/a, ShareMode: Read, Write, Delete, AllocationSize: n/a, OpenResult: Opened"
"13:51:19.6131931","Notepad.exe","9928","SetRenameInformationFile","C:\ransomware_test\report4.docx","SUCCESS","ReplaceIfExists: True, FileName: C:\ransomware_test\report4.docx.encrypted"
"13:51:19.6133229","Notepad.exe","9928","CloseFile","C:\ransomware_test","SUCCESS",""
"13:51:19.6133661","Notepad.exe","9928","CloseFile","C:\ransomware_test\report4.docx.encrypted","SUCCESS",""
"13:51:19.6134967","Notepad.exe","9928","CreateFile","C:\ransomware_test\report5.docx","SUCCESS","Desired Access: Generic Read, Disposition: Open, Options: Synchronous IO Non-Alert, Non-Directory File, Disallow Exclusive, Attributes: N, ShareMode: Read, Write, AllocationSize: n/a, OpenResult: Opened"
"13:51:19.6135471","Notepad.exe","9928","ReadFile","C:\ransomware_test\report5.docx","SUCCESS","Offset: 0, Length: 10, Priority: Normal"
"13:51:19.6135832","Notepad.exe","9928","ReadFile","C:\ransomware_test\report5.docx","SUCCESS","Offset: 0, Length: 10, I/O Flags: Non-cached, Paging I/O, Priority: Normal"
"13:51:19.6136402","Notepad.exe","9928","ReadFile","C:\ransomware_test\report5.docx","END OF FILE","Offset: 10, Length: 4096"
"13:51:19.6136511","Notepad.exe","9928","CloseFile","C:\ransomware_test\report5.docx","SUCCESS",""
"13:51:19.6137491","Notepad.exe","9928","CreateFile","C:\ransomware_test\report5.docx","SUCCESS","Desired Access: Generic Write, Read Attributes, Disposition: OverwriteIf, Options: Synchronous IO Non-Alert, Non-Directory File, Disallow Exclusive, Attributes: N, ShareMode: Read, Write, AllocationSize: 0, OpenResult: Overwritten"
"13:51:19.6142386","Notepad.exe","9928","WriteFile","C:\ransomware_test\report5.docx","SUCCESS","Offset: 0, Length: 10, Priority: Normal"
"13:51:19.6142902","Notepad.exe","9928","CloseFile","C:\ransomware_test\report5.docx","SUCCESS",""
"13:51:19.6144655","Notepad.exe","9928","CreateFile","C:\ransomware_test\report5.docx","SUCCESS","Desired Access: Read Attributes, Delete, Synchronize, Disposition: Open, Options: Synchronous IO Non-Alert, Open Reparse Point, Attributes: n/a, ShareMode: Read, Write, Delete, AllocationSize: n/a, OpenResult: Opened"
"13:51:19.6145782","Notepad.exe","9928","QueryAttributeTagFile","C:\ransomware_test\report5.docx","SUCCESS","Attributes: A, ReparseTag: 0x0"
"13:51:19.6145886","Notepad.exe","9928","QueryBasicInformationFile","C:\ransomware_test\report5.docx","SUCCESS","CreationTime: 14-07-2026 15:14:19, LastAccessTime: 15-07-2026 13:51:19, LastWriteTime: 15-07-2026 13:51:19, ChangeTime: 15-07-2026 13:51:19, FileAttributes: A"
"13:51:19.6146592","Notepad.exe","9928","CreateFile","C:\ransomware_test","SUCCESS","Desired Access: Write Data/Add File, Synchronize, Disposition: Open, Options: , Attributes: n/a, ShareMode: Read, Write, Delete, AllocationSize: n/a, OpenResult: Opened"
"13:51:19.6147192","Notepad.exe","9928","SetRenameInformationFile","C:\ransomware_test\report5.docx","SUCCESS","ReplaceIfExists: True, FileName: C:\ransomware_test\report5.docx.encrypted"
"13:51:19.6148373","Notepad.exe","9928","CloseFile","C:\ransomware_test","SUCCESS",""
"13:51:19.6148799","Notepad.exe","9928","CloseFile","C:\ransomware_test\report5.docx.encrypted","SUCCESS",""
"13:51:19.6149379","Notepad.exe","9928","QueryDirectory","C:\ransomware_test","NO MORE FILES","FileInformationClass: FileFullDirectoryInformation"
"13:51:19.6149512","Notepad.exe","9928","CloseFile","C:\ransomware_test","SUCCESS",""
"13:51:19.6150652","Notepad.exe","9928","CreateFile","C:\ransomware_test\README_RANSOM.txt","SUCCESS","Desired Access: Generic Write, Read Attributes, Disposition: OverwriteIf, Options: Synchronous IO Non-Alert, Non-Directory File, Disallow Exclusive, Attributes: N, ShareMode: Read, Write, AllocationSize: 0, OpenResult: Created"
"13:51:19.6152516","Notepad.exe","9928","WriteFile","C:\ransomware_test\README_RANSOM.txt","SUCCESS","Offset: 0, Length: 49, Priority: Normal"
"13:51:19.6153142","Notepad.exe","9928","CloseFile","C:\ransomware_test\README_RANSOM.txt","SUCCESS",""
"13:51:19.6168025","Notepad.exe","9928","Thread Exit","","SUCCESS","Thread ID: 7640, User Time: 0.0000000, Kernel Time: 0.0312500"
"13:51:55.4935783","Notepad.exe","9928","Thread Exit","","SUCCESS","Thread ID: 9956, User Time: 0.0156250, Kernel Time: 0.0156250"
"13:51:56.4983071","Notepad.exe","9928","Thread Create","","SUCCESS","Thread ID: 9776"
"13:52:09.4861054","Notepad.exe","9928","Thread Exit","","SUCCESS","Thread ID: 9952, User Time: 0.0312500, Kernel Time: 0.0156250"
"13:52:09.4870979","Notepad.exe","9928","Thread Exit","","SUCCESS","Thread ID: 9988, User Time: 0.0000000, Kernel Time: 0.0000000"
