pid,window_start_t,window_end_t,n_events,mean_dt,std_dt,max_dt,frac_success,any_page_execute,any_exec_ext,any_suspicious_dir,any_desired_access_execute,mean_offset,offset_monotonic,op_frac_CreateFile,op_frac_CreateFileMapping,op_frac_ReadFile,op_frac_WriteFile,op_frac_Thread Create,op_frac_Process Create,op_frac_LoadImage,op_frac_VirtualAlloc,op_frac_WriteProcessMemory,op_frac_CreateRemoteThread,op_frac_QueryBasicInformationFile,op_frac_QueryStandardInformationFile,op_frac_CloseFile,op_frac_FileSystemControl,op_frac_Other
9928,49879.5685071,49879.571443,20,0.0001467950001824647,0.00020024514410415988,0.0006941000028746203,0.85,1,1,1,1,178858.66666666666,1,0.1,0.1,0.15,0.0,0.05,0.0,0.0,0.0,0.0,0.0,0.05,0.05,0.05,0.05,0.4
9928,49879.5696527,49879.5715551,20,9.801500018511434e-05,0.00015083324146852195,0.00047760000597918406,0.75,1,1,1,0,178858.66666666666,1,0.0,0.1,0.15,0.0,0.0,0.0,0.0,0.0,0.0,0.0,0.0,0.05,0.0,0.05,0.65
9928,49879.5705888,49879.5716155,20,5.236999968474265e-05,9.364232633814097e-05,0.00042499999835854396,0.75,0,1,1,0,291328.0,1,0.0,0.05,0.05,0.0,0.0,0.0,0.0,0.0,0.0,0.0,0.0,0.0,0.0,0.05,0.85
9928,49879.5712265,49879.5717777,20,2.9325000286917203e-05,3.239980256115381e-05,0.0001449999981559813,0.7,0,1,1,0,,1,0.0,0.0,0.0,0.0,0.0,0.0,0.0,0.0,0.0,0.0,0.0,0.0,0.0,0.05,0.95
9928,49879.5715005,49879.5730675,20,8.122500003082678e-05,0.00012232134459135846,0.00036130000080447644,0.75,0,1,1,0,242688.0,0,0.0,0.0,0.15,0.0,0.0,0.0,0.0,0.0,0.0,0.0,0.0,0.0,0.05,0.05,0.75
9928,49879.5715658,49879.5743589,20,0.00014018999972904568,0.00014319801450151214,0.0003772999989450909,0.85,0,1,1,0,182656.0,0,0.0,0.0,0.4,0.0,0.0,0.0,0.0,0.0,0.0,0.0,0.0,0.0,0.05,0.05,0.5
9928,49879.5716239,49879.5763152,20,0.00023498500013374723,0.00018458892026800017,0.000662500002363231,0.9,0,1,1,0,162264.61538461538,0,0.0,0.0,0.65,0.0,0.0,0.0,0.0,0.0,0.0,0.0,0.0,0.0,0.05,0.05,0.25
9928,49879.5719998,49879.5779417,20,0.0003081999999267282,0.00016191636154492514,0.000662500002363231,1.0,0,1,1,0,167731.2,0,0.05,0.0,0.75,0.0,0.05,0.0,0.0,0.0,0.0,0.0,0.0,0.0,0.05,0.0,0.1
9928,49879.5731867,49879.5782009,20,0.00025667000008979814,0.0001913141778419479,0.000662500002363231,1.0,0,1,1,0,148992.0,0,0.1,0.0,0.6,0.0,0.05,0.0,0.0,0.0,0.0,0.0,0.0,0.0,0.05,0.0,0.2
9928,49879.5750214,49879.5787184,20,0.00021797500012326053,0.0002038088775041966,0.000662500002363231,0.95,0,1,1,0,105473.3,0,0.15,0.0,0.5,0.0,0.05,0.0,0.0,0.0,0.0,0.0,0.0,0.0,0.1,0.0,0.2
9928,49879.576453,49879.5793177,20,0.00015012500007287598,0.0001466878663976712,0.0005478999955812469,0.95,0,1,1,0,67756.83333333333,0,0.25,0.0,0.25,0.05,0.05,0.0,0.0,0.0,0.0,0.0,0.0,0.0,0.15,0.0,0.25
9928,49879.5779839,49879.5882719,20,0.0005165099999430822,0.001918108161893055,0.008660500003315974,0.95,0,0,0,0,3.25,0,0.25,0.0,0.15,0.05,0.0,0.0,0.0,0.0,0.0,0.0,0.05,0.0,0.25,0.0,0.25
9928,49879.5784811,49879.5888739,20,0.0005336499998520594,0.0019145418312422095,0.008660500003315974,0.9,0,0,0,0,3.7142857142857144,0,0.25,0.0,0.3,0.05,0.0,0.0,0.0,0.0,0.0,0.0,0.05,0.0,0.25,0.0,0.1
9928,49879.5788548,49879.5895658,20,0.0005423700000392273,0.0019121536460907252,0.008660500003315974,0.95,0,0,0,0,2.6,0,0.3,0.0,0.15,0.1,0.0,0.0,0.0,0.0,0.0,0.0,0.05,0.0,0.25,0.0,0.15
9928,49879.5793394,49879.5899288,20,0.0005305549999320647,0.001914873803316515,0.008660500003315974,0.95,0,0,0,0,3.25,0,0.25,0.0,0.15,0.05,0.0,0.0,0.0,0.0,0.0,0.0,0.1,0.0,0.3,0.0,0.15
9928,49879.5885743,49879.5903226,20,0.0001025350000418257,7.170170967811918e-05,0.000302400003420189,0.9,0,0,0,0,3.7142857142857144,0,0.25,0.0,0.3,0.05,0.0,0.0,0.0,0.0,0.0,0.0,0.05,0.0,0.25,0.0,0.1
9928,49879.5890485,49879.5922095,20,0.0001667799999268027,0.0002896823335683228,0.0013693000000785105,0.95,0,0,0,0,2.6,0,0.3,0.0,0.15,0.1,0.0,0.0,0.0,0.0,0.0,0.0,0.05,0.0,0.25,0.0,0.15
9928,49879.5895894,49879.5931679,20,0.00018010499989031813,0.0003020501479914705,0.0013693000000785105,0.95,0,0,0,0,3.25,0,0.25,0.0,0.15,0.05,0.0,0.0,0.0,0.0,0.0,0.0,0.1,0.0,0.3,0.0,0.15
9928,49879.5901021,49879.5934998,20,0.000178550000055111,0.0003028159650819739,0.0013693000000785105,0.9,0,0,0,0,3.7142857142857144,0,0.25,0.0,0.3,0.05,0.0,0.0,0.0,0.0,0.0,0.0,0.05,0.0,0.25,0.0,0.1
9928,49879.5916919,49879.5939508,20,0.00018141000000468921,0.0003015225988416814,0.0013693000000785105,0.95,0,0,0,0,2.6,0,0.3,0.0,0.15,0.1,0.0,0.0,0.0,0.0,0.0,0.0,0.05,0.0,0.25,0.0,0.15
9928,49879.5922248,49879.5945452,20,0.00011678500013658776,0.00012066595965994081,0.00041369999962626025,0.95,0,0,0,0,3.25,0,0.25,0.0,0.15,0.05,0.0,0.0,0.0,0.0,0.0,0.0,0.1,0.0,0.3,0.0,0.15
9928,49879.5933164,49879.5948523,20,8.421999991696794e-05,6.880302695560523e-05,0.00031200000375974923,0.9,0,0,0,0,3.7142857142857144,0,0.25,0.0,0.3,0.05,0.0,0.0,0.0,0.0,0.0,0.0,0.05,0.0,0.25,0.0,0.1
9928,49879.5936053,49879.5952712,20,8.856999993440695e-05,6.65814832096249e-05,0.00031200000375974923,0.95,0,0,0,0,2.6,0,0.3,0.0,0.15,0.1,0.0,0.0,0.0,0.0,0.0,0.0,0.05,0.0,0.25,0.0,0.15
9928,49879.5939748,49879.5955224,20,7.857999989937525e-05,6.642150587806208e-05,0.00031200000375974923,0.95,0,0,0,0,3.25,0,0.25,0.0,0.15,0.05,0.0,0.0,0.0,0.0,0.0,0.0,0.1,0.0,0.3,0.0,0.15
9928,49879.5946727,49879.5957713,20,6.130500005383511e-05,3.737082224252619e-05,0.00012749999586958438,0.9,0,0,0,0,3.7142857142857144,0,0.25,0.0,0.3,0.05,0.0,0.0,0.0,0.0,0.0,0.0,0.05,0.0,0.25,0.0,0.1
9928,49879.5949531,49879.5961665,20,6.571000012627337e-05,3.86607494950697e-05,0.0001221999991685152,0.95,0,0,0,0,2.6,0,0.3,0.0,0.15,0.1,0.0,0.0,0.0,0.0,0.0,0.0,0.05,0.0,0.25,0.0,0.15
9928,49879.5952826,49879.5964261,20,5.7744999867281874e-05,3.52885163268614e-05,0.0001221999991685152,0.95,0,0,0,0,3.25,0,0.25,0.0,0.15,0.05,0.0,0.0,0.0,0.0,0.0,0.0,0.1,0.0,0.3,0.0,0.15
9928,49879.5956446,49879.5966877,20,5.8265000188839625e-05,3.9025555298144543e-05,0.00013160000526113436,0.9,0,0,0,0,3.7142857142857144,0,0.25,0.0,0.3,0.05,0.0,0.0,0.0,0.0,0.0,0.0,0.05,0.0,0.25,0.0,0.1
9928,49879.595864,49879.5971966,20,7.1264999860432e-05,4.346610623152046e-05,0.00015379999967990443,0.95,0,0,0,0,2.6,0,0.3,0.0,0.15,0.1,0.0,0.0,0.0,0.0,0.0,0.0,0.05,0.0,0.25,0.0,0.15
9928,49879.5961834,49879.5975117,20,6.725999992340803e-05,4.548914783617885e-05,0.00015379999967990443,0.95,0,0,0,0,3.25,0,0.25,0.0,0.15,0.05,0.0,0.0,0.0,0.0,0.0,0.0,0.1,0.0,0.3,0.0,0.15
9928,49879.5965577,49879.5978442,20,7.090500002959743e-05,4.9932243651798575e-05,0.00016529999993508682,0.9,0,0,0,0,3.7142857142857144,0,0.25,0.0,0.3,0.05,0.0,0.0,0.0,0.0,0.0,0.0,0.05,0.0,0.25,0.0,0.1
9928,49879.5967777,49879.598273,20,7.926500002213288e-05,4.7413037185507964e-05,0.00016529999993508682,0.95,0,0,0,0,2.6,0,0.3,0.0,0.15,0.1,0.0,0.0,0.0,0.0,0.0,0.0,0.05,0.0,0.25,0.0,0.15
9928,49879.5972143,49879.5987,20,7.517000012740027e-05,4.503678118653878e-05,0.00016529999993508682,0.95,0,0,0,0,3.25,0,0.25,0.0,0.15,0.05,0.0,0.0,0.0,0.0,0.0,0.0,0.1,0.0,0.3,0.0,0.15
9928,49879.597677,49879.5989984,20,7.433499995386228e-05,4.5916860987613865e-05,0.00016529999993508682,0.9,0,0,0,0,3.7142857142857144,0,0.25,0.0,0.3,0.05,0.0,0.0,0.0,0.0,0.0,0.0,0.05,0.0,0.25,0.0,0.1
9928,49879.5979485,49879.5993935,20,7.746500014036429e-05,4.173490529430188e-05,0.00014989999908721074,0.95,0,0,0,0,2.6,0,0.3,0.0,0.15,0.1,0.0,0.0,0.0,0.0,0.0,0.0,0.05,0.0,0.25,0.0,0.15
9928,49879.5984147,49879.6000525,20,8.897499974409584e-05,8.801115298894017e-05,0.0004169000021647662,0.95,0,0,0,0,3.25,0,0.25,0.0,0.15,0.05,0.0,0.0,0.0,0.0,0.0,0.0,0.1,0.0,0.3,0.0,0.15
9928,49879.5988499,49879.6003997,20,8.498499992128927e-05,9.054712853328021e-05,0.0004169000021647662,0.9,0,0,0,0,3.7142857142857144,0,0.25,0.0,0.3,0.05,0.0,0.0,0.0,0.0,0.0,0.0,0.05,0.0,0.25,0.0,0.1
9928,49879.5990908,49879.6008,20,9.008000015455763e-05,8.807571920987393e-05,0.0004169000021647662,0.95,0,0,0,0,2.6,0,0.3,0.0,0.15,0.1,0.0,0.0,0.0,0.0,0.0,0.0,0.05,0.0,0.25,0.0,0.15
9928,49879.5994052,49879.6014235,20,0.00010149999980058055,0.00010605887636405985,0.0004169000021647662,0.95,0,0,0,0,3.25,0,0.25,0.0,0.15,0.05,0.0,0.0,0.0,0.0,0.0,0.0,0.1,0.0,0.3,0.0,0.15
9928,49879.6001764,49879.6017243,20,8.359000021300745e-05,7.876963613146214e-05,0.00035099999513477087,0.9,0,0,0,0,3.142857142857143,0,0.25,0.0,0.3,0.05,0.0,0.0,0.0,0.0,0.0,0.0,0.05,0.0,0.25,0.0,0.1
9928,49879.6004958,49879.6021743,20,8.873000006133225e-05,7.585184258184468e-05,0.00035099999513477087,0.95,0,0,0,0,1.8,0,0.3,0.0,0.15,0.1,0.0,0.0,0.0,0.0,0.0,0.0,0.05,0.0,0.25,0.0,0.15
9928,49879.6008106,49879.6024631,20,8.315499981108588e-05,7.767978369537654e-05,0.00035099999513477087,0.95,0,0,0,0,2.25,0,0.25,0.0,0.15,0.05,0.0,0.0,0.0,0.0,0.0,0.0,0.1,0.0,0.3,0.0,0.15
9928,49879.6015885,49879.6027383,20,6.57399999909103e-05,4.748043842029087e-05,0.00016500000492669642,0.9,0,0,0,0,2.5714285714285716,0,0.25,0.0,0.3,0.05,0.0,0.0,0.0,0.0,0.0,0.0,0.05,0.0,0.25,0.0,0.1
9928,49879.6018434,49879.6031537,20,7.146999996621162e-05,4.194254341929593e-05,0.00013300000136950985,0.95,0,0,0,0,1.8,0,0.3,0.0,0.15,0.1,0.0,0.0,0.0,0.0,0.0,0.0,0.05,0.0,0.25,0.0,0.15
9928,49879.6021851,49879.6034079,20,6.167999999888707e-05,3.879889670047439e-05,0.00013300000136950985,0.95,0,0,0,0,2.25,0,0.25,0.0,0.15,0.05,0.0,0.0,0.0,0.0,0.0,0.0,0.1,0.0,0.3,0.0,0.15
9928,49879.6025961,49879.6041513,20,8.441000027232803e-05,0.00011045014568468941,0.0005248000015853904,0.9,0,0,0,0,2.5714285714285716,0,0.25,0.0,0.3,0.05,0.0,0.0,0.0,0.0,0.0,0.0,0.05,0.0,0.25,0.0,0.1
9928,49879.6028411,49879.6046465,20,9.541000035824254e-05,0.00010919905985863211,0.0005248000015853904,0.95,0,0,0,0,1.8,0,0.3,0.0,0.15,0.1,0.0,0.0,0.0,0.0,0.0,0.0,0.05,0.0,0.25,0.0,0.15
9928,49879.6031646,49879.6049544,20,9.003499981190544e-05,0.0001106421371361933,0.0005248000015853904,0.95,0,0,0,0,2.25,0,0.25,0.0,0.15,0.05,0.0,0.0,0.0,0.0,0.0,0.0,0.1,0.0,0.3,0.0,0.15
9928,49879.6035302,49879.6053157,20,9.53899998421548e-05,0.0001105441995754803,0.0005248000015853904,0.9,0,0,0,0,3.0,0,0.3,0.0,0.25,0.05,0.0,0.0,0.0,0.0,0.0,0.0,0.05,0.0,0.25,0.0,0.1
9928,49879.6042601,49879.6056485,20,7.485999994969462e-05,4.571149234430092e-05,0.00014930000179447234,0.95,0,0,0,0,2.25,0,0.3,0.0,0.1,0.1,0.0,0.0,0.0,0.0,0.0,0.0,0.1,0.0,0.25,0.0,0.15
9928,49879.6046596,49879.6060773,20,7.153999977163039e-05,4.4344886753177974e-05,0.00014940000255592167,0.95,0,0,0,0,3.0,0,0.3,0.0,0.1,0.05,0.0,0.0,0.0,0.0,0.0,0.0,0.1,0.0,0.3,0.0,0.15
9928,49879.6050964,49879.6063836,20,7.146000025386457e-05,4.332645398443941e-05,0.00014940000255592167,0.9,0,0,0,0,3.0,0,0.3,0.0,0.2,0.1,0.0,0.0,0.0,0.0,0.0,0.0,0.05,0.0,0.25,0.0,0.1
9928,49879.6054345,49879.6066856,20,6.849500023236033e-05,4.511971803902774e-05,0.00015609999536536634,0.95,0,0,0,0,2.25,0,0.3,0.0,0.1,0.1,0.0,0.0,0.0,0.0,0.0,0.0,0.1,0.0,0.25,0.0,0.15
9928,49879.6057201,49879.6079839,20,0.00011677000002237037,0.00020383941877699383,0.0009614000009605661,0.95,0,0,0,0,2.25,0,0.3,0.0,0.15,0.05,0.0,0.0,0.0,0.0,0.0,0.0,0.05,0.0,0.3,0.0,0.15
9928,49879.6061262,49879.6084331,20,0.00011779000014939811,0.00020352933310333618,0.0009614000009605661,0.9,0,0,0,0,2.7142857142857144,0,0.25,0.0,0.25,0.1,0.0,0.0,0.0,0.0,0.0,0.0,0.05,0.0,0.25,0.0,0.1
9928,49879.6064227,49879.6088384,20,0.0001227400000061607,0.00020517625151036823,0.0009614000009605661,0.95,0,0,0,0,2.5,0,0.3,0.0,0.15,0.05,0.0,0.0,0.0,0.0,0.0,0.0,0.1,0.0,0.25,0.0,0.15
9928,49879.6067297,49879.6092815,20,0.00012979499988432507,0.0002026410402416386,0.0009614000009605661,0.95,0,0,0,0,2.0,0,0.25,0.0,0.2,0.05,0.0,0.0,0.0,0.0,0.0,0.0,0.05,0.0,0.3,0.0,0.15
9928,49879.6080408,49879.6096368,20,8.264499992947095e-05,5.218502003983306e-05,0.00022570000146515667,0.9,0,0,0,0,2.857142857142857,0,0.25,0.0,0.25,0.1,0.0,0.0,0.0,0.0,0.0,0.0,0.05,0.0,0.25,0.0,0.1
9928,49879.6084855,49879.6099338,20,7.503499982703943e-05,5.2484778072919734e-05,0.00022570000146515667,0.95,0,0,0,0,2.5,0,0.3,0.0,0.15,0.05,0.0,0.0,0.0,0.0,0.0,0.0,0.1,0.0,0.25,0.0,0.15
9928,49879.6089078,49879.6110578,20,0.00011096999987785239,0.00012384399455203038,0.0005168999996385537,0.95,0,0,0,0,2.0,0,0.25,0.0,0.2,0.05,0.0,0.0,0.0,0.0,0.0,0.0,0.05,0.0,0.3,0.0,0.15
9928,49879.6093295,49879.6114716,20,0.0001095050000003539,0.00012488133152846551,0.0005168999996385537,0.9,0,0,0,0,2.857142857142857,0,0.25,0.0,0.25,0.1,0.0,0.0,0.0,0.0,0.0,0.0,0.05,0.0,0.25,0.0,0.1
9928,49879.6096856,49879.6118294,20,0.00010962999986077193,0.00012636359533074441,0.0005168999996385537,0.95,0,0,0,0,2.5,0,0.3,0.0,0.15,0.05,0.0,0.0,0.0,0.0,0.0,0.0,0.1,0.0,0.25,0.0,0.15
9928,49879.6100039,49879.6122825,20,0.00011743499999283813,0.0001239917251854568,0.0005168999996385537,0.95,0,0,0,0,2.0,0,0.25,0.0,0.2,0.05,0.0,0.0,0.0,0.0,0.0,0.0,0.05,0.0,0.3,0.0,0.15
9928,49879.6111077,49879.6126106,20,7.76400000177091e-05,4.782700767283464e-05,0.00017410000145900995,0.9,0,0,0,0,2.857142857142857,0,0.25,0.0,0.25,0.1,0.0,0.0,0.0,0.0,0.0,0.0,0.05,0.0,0.25,0.0,0.1
9928,49879.6115241,49879.6131359,20,8.32149999041576e-05,7.998298810105754e-05,0.00036440000258153304,0.95,0,0,0,0,2.5,0,0.3,0.0,0.15,0.05,0.0,0.0,0.0,0.0,0.0,0.0,0.1,0.0,0.25,0.0,0.15
9928,49879.6118927,49879.6135471,20,8.588500022597146e-05,7.729290449138505e-05,0.00036440000258153304,0.95,0,0,0,0,2.0,0,0.25,0.0,0.2,0.05,0.0,0.0,0.0,0.0,0.0,0.0,0.05,0.0,0.3,0.0,0.15
9928,49879.6123216,49879.6142386,20,9.780500004126224e-05,0.00012016452154756159,0.0004895000020042062,0.9,0,0,0,0,2.857142857142857,0,0.25,0.0,0.25,0.1,0.0,0.0,0.0,0.0,0.0,0.0,0.05,0.0,0.25,0.0,0.1
9928,49879.6126485,49879.6146592,20,0.00010242999996989965,0.00012092055377382762,0.0004895000020042062,0.95,0,0,0,0,2.5,0,0.3,0.0,0.15,0.05,0.0,0.0,0.0,0.0,0.0,0.0,0.1,0.0,0.25,0.0,0.15
9928,49879.6131931,49879.6149512,20,9.076499991351738e-05,0.00010381966370600685,0.0004895000020042062,0.9,0,0,0,0,2.5,0,0.2,0.0,0.15,0.05,0.0,0.0,0.0,0.0,0.0,0.0,0.05,0.0,0.35,0.0,0.2
9928,49879.6135832,49915.4935783,20,1.7940015599997423,8.022252644830164,35.87677579999581,0.9,0,0,0,0,2.5,0,0.2,0.0,0.1,0.1,0.0,0.0,0.0,0.0,0.0,0.0,0.05,0.0,0.3,0.0,0.25
